symbol,timestamp,open,high,low,close,volume,provider_dataset,schema
CRMD,2022-03-23T13:30:00Z,5.1,5.13,5.1,5.13,1252,XNAS.ITCH,ohlcv-1m
CRMD,2022-03-23T13:31:00Z,5.1,5.1,5.1,5.1,718,XNAS.ITCH,ohlcv-1m
CRMD,2022-03-23T13:32:00Z,5.07,5.07,5.07,5.07,100,XNAS.ITCH,ohlcv-1m
CRMD,2022-03-23T13:33:00Z,5.09,5.13,5.09,5.13,104,XNAS.ITCH,ohlcv-1m
CRMD,2022-03-23T13:34:00Z,5.15,5.15,5.15,5.15,5,XNAS.ITCH,ohlcv-1m
CRMD,2022-03-23T13:35:00Z,5.13,5.13,5.12,5.12,40,XNAS.ITCH,ohlcv-1m
CRMD,2022-03-23T13:36:00Z,5.15,5.15,5.15,5.15,5,XNAS.ITCH,ohlcv-1m
CRMD,2022-03-23T13:37:00Z,5.13,5.13,5.13,5.13,104,XNAS.ITCH,ohlcv-1m
CRMD,2022-03-23T13:38:00Z,5.13,5.13,5.12,5.12,436,XNAS.ITCH,ohlcv-1m
CRMD,2022-03-23T13:39:00Z,5.11,5.11,5.09,5.1,1560,XNAS.ITCH,ohlcv-1m
CRMD,2022-03-23T13:41:00Z,5.09,5.09,5.06,5.06,245,XNAS.ITCH,ohlcv-1m
CRMD,2022-03-23T13:42:00Z,5.1,5.1,5.1,5.1,4,XNAS.ITCH,ohlcv-1m
CRMD,2022-03-23T13:43:00Z,5.07,5.1,5.07,5.1,317,XNAS.ITCH,ohlcv-1m
CRMD,2022-03-23T13:46:00Z,5.1,5.11,5.1,5.11,45,XNAS.ITCH,ohlcv-1m
CRMD,2022-03-23T13:47:00Z,5.1,5.1,5.1,5.1,300,XNAS.ITCH,ohlcv-1m
CRMD,2022-03-23T13:48:00Z,5.12,5.12,5.12,5.12,100,XNAS.ITCH,ohlcv-1m
CRMD,2022-03-23T13:49:00Z,5.16,5.16,5.16,5.16,101,XNAS.ITCH,ohlcv-1m
CRMD,2022-03-23T13:53:00Z,5.16,5.16,5.16,5.16,1,XNAS.ITCH,ohlcv-1m
CRMD,2022-03-23T13:57:00Z,5.17,5.17,5.17,5.17,110,XNAS.ITCH,ohlcv-1m
CRMD,2022-03-23T14:00:00Z,5.15,5.15,5.15,5.15,579,XNAS.ITCH,ohlcv-1m
CRMD,2022-03-23T14:04:00Z,5.14,5.14,5.14,5.14,19,XNAS.ITCH,ohlcv-1m
CRMD,2022-03-23T14:06:00Z,5.13,5.13,5.13,5.13,8,XNAS.ITCH,ohlcv-1m
CRMD,2022-03-23T14:08:00Z,5.14,5.14,5.14,5.14,107,XNAS.ITCH,ohlcv-1m
CRMD,2022-03-23T14:09:00Z,5.15,5.15,5.15,5.15,210,XNAS.ITCH,ohlcv-1m
CRMD,2022-03-23T14:10:00Z,5.16,5.18,5.16,5.18,128,XNAS.ITCH,ohlcv-1m
CRMD,2022-03-23T14:12:00Z,5.16,5.16,5.16,5.16,40,XNAS.ITCH,ohlcv-1m
CRMD,2022-03-23T14:17:00Z,5.19,5.2,5.19,5.2,140,XNAS.ITCH,ohlcv-1m
CRMD,2022-03-23T14:18:00Z,5.22,5.22,5.22,5.22,104,XNAS.ITCH,ohlcv-1m
CRMD,2022-03-23T14:19:00Z,5.25,5.25,5.25,5.25,417,XNAS.ITCH,ohlcv-1m
CRMD,2022-03-23T14:21:00Z,5.27,5.27,5.25,5.25,65,XNAS.ITCH,ohlcv-1m
CRMD,2022-03-23T14:24:00Z,5.28,5.29,5.28,5.29,390,XNAS.ITCH,ohlcv-1m
CRMD,2022-03-23T14:25:00Z,5.285,5.285,5.285,5.285,100,XNAS.ITCH,ohlcv-1m
CRMD,2022-03-23T14:26:00Z,5.29,5.29,5.29,5.29,104,XNAS.ITCH,ohlcv-1m
CRMD,2022-03-23T14:27:00Z,5.3,5.32,5.3,5.31,1125,XNAS.ITCH,ohlcv-1m
CRMD,2022-03-23T14:29:00Z,5.31,5.31,5.31,5.31,104,XNAS.ITCH,ohlcv-1m
CRMD,2022-03-23T14:35:00Z,5.29,5.29,5.29,5.29,500,XNAS.ITCH,ohlcv-1m
CRMD,2022-03-23T14:36:00Z,5.26,5.26,5.26,5.26,771,XNAS.ITCH,ohlcv-1m
CRMD,2022-03-23T14:38:00Z,5.26,5.26,5.26,5.26,103,XNAS.ITCH,ohlcv-1m
CRMD,2022-03-23T14:39:00Z,5.27,5.33,5.27,5.33,2843,XNAS.ITCH,ohlcv-1m
CRMD,2022-03-23T14:40:00Z,5.34,5.37,5.34,5.37,1107,XNAS.ITCH,ohlcv-1m
CRMD,2022-03-23T14:41:00Z,5.35,5.35,5.34,5.34,200,XNAS.ITCH,ohlcv-1m
CRMD,2022-03-23T14:42:00Z,5.32,5.32,5.32,5.32,4,XNAS.ITCH,ohlcv-1m
CRMD,2022-03-23T14:44:00Z,5.32,5.32,5.32,5.32,99,XNAS.ITCH,ohlcv-1m
CRMD,2022-03-23T14:46:00Z,5.32,5.32,5.32,5.32,402,XNAS.ITCH,ohlcv-1m
CRMD,2022-03-23T14:47:00Z,5.33,5.35,5.33,5.35,109,XNAS.ITCH,ohlcv-1m
CRMD,2022-03-23T14:50:00Z,5.31,5.31,5.31,5.31,250,XNAS.ITCH,ohlcv-1m
CRMD,2022-03-23T14:56:00Z,5.31,5.32,5.31,5.32,410,XNAS.ITCH,ohlcv-1m
CRMD,2022-03-23T14:59:00Z,5.32,5.32,5.32,5.32,32,XNAS.ITCH,ohlcv-1m
CRMD,2022-03-23T15:00:00Z,5.32,5.32,5.32,5.32,250,XNAS.ITCH,ohlcv-1m
CRMD,2022-03-23T15:01:00Z,5.34,5.37,5.34,5.37,299,XNAS.ITCH,ohlcv-1m
CRMD,2022-03-23T15:04:00Z,5.35,5.35,5.33,5.33,1467,XNAS.ITCH,ohlcv-1m
CRMD,2022-03-23T15:06:00Z,5.35,5.35,5.34,5.34,910,XNAS.ITCH,ohlcv-1m
CRMD,2022-03-23T15:10:00Z,5.32,5.32,5.32,5.32,3,XNAS.ITCH,ohlcv-1m
CRMD,2022-03-23T15:11:00Z,5.33,5.33,5.33,5.33,103,XNAS.ITCH,ohlcv-1m
CRMD,2022-03-23T15:12:00Z,5.33,5.34,5.33,5.34,227,XNAS.ITCH,ohlcv-1m
CRMD,2022-03-23T15:14:00Z,5.38,5.46,5.38,5.46,2309,XNAS.ITCH,ohlcv-1m
CRMD,2022-03-23T15:15:00Z,5.42,5.42,5.41,5.41,601,XNAS.ITCH,ohlcv-1m
CRMD,2022-03-23T15:16:00Z,5.42,5.44,5.42,5.44,29,XNAS.ITCH,ohlcv-1m
CRMD,2022-03-23T15:18:00Z,5.38,5.38,5.38,5.38,3,XNAS.ITCH,ohlcv-1m
CRMD,2022-03-23T15:21:00Z,5.38,5.41,5.38,5.4,2985,XNAS.ITCH,ohlcv-1m
CRMD,2022-03-23T15:22:00Z,5.45,5.45,5.45,5.45,312,XNAS.ITCH,ohlcv-1m
CRMD,2022-03-23T15:24:00Z,5.45,5.45,5.42,5.42,300,XNAS.ITCH,ohlcv-1m
CRMD,2022-03-23T15:28:00Z,5.4,5.43,5.4,5.41,768,XNAS.ITCH,ohlcv-1m
CRMD,2022-03-23T15:36:00Z,5.44,5.44,5.44,5.44,6,XNAS.ITCH,ohlcv-1m
CRMD,2022-03-23T15:37:00Z,5.45,5.45,5.45,5.45,30,XNAS.ITCH,ohlcv-1m
CRMD,2022-03-23T15:38:00Z,5.46,5.46,5.46,5.46,100,XNAS.ITCH,ohlcv-1m
CRMD,2022-03-23T15:40:00Z,5.45,5.45,5.45,5.45,500,XNAS.ITCH,ohlcv-1m
CRMD,2022-03-23T15:41:00Z,5.46,5.46,5.44,5.45,1839,XNAS.ITCH,ohlcv-1m
CRMD,2022-03-23T15:42:00Z,5.46,5.46,5.46,5.46,3,XNAS.ITCH,ohlcv-1m
CRMD,2022-03-23T15:43:00Z,5.46,5.46,5.43,5.44,622,XNAS.ITCH,ohlcv-1m
CRMD,2022-03-23T15:45:00Z,5.44,5.44,5.42,5.42,578,XNAS.ITCH,ohlcv-1m
CRMD,2022-03-23T15:49:00Z,5.43,5.48,5.43,5.48,135,XNAS.ITCH,ohlcv-1m
CRMD,2022-03-23T15:51:00Z,5.45,5.45,5.45,5.45,300,XNAS.ITCH,ohlcv-1m
CRMD,2022-03-23T15:52:00Z,5.45,5.45,5.45,5.45,300,XNAS.ITCH,ohlcv-1m
CRMD,2022-03-23T15:54:00Z,5.45,5.46,5.45,5.46,1608,XNAS.ITCH,ohlcv-1m
CRMD,2022-03-23T15:56:00Z,5.48,5.48,5.48,5.48,112,XNAS.ITCH,ohlcv-1m
CRMD,2022-03-23T15:59:00Z,5.46,5.46,5.46,5.46,701,XNAS.ITCH,ohlcv-1m
CRMD,2022-03-23T16:01:00Z,5.44,5.44,5.43,5.43,821,XNAS.ITCH,ohlcv-1m
CRMD,2022-03-23T16:02:00Z,5.44,5.45,5.44,5.45,121,XNAS.ITCH,ohlcv-1m
CRMD,2022-03-23T16:03:00Z,5.46,5.46,5.46,5.46,96,XNAS.ITCH,ohlcv-1m
CRMD,2022-03-23T16:05:00Z,5.43,5.43,5.42,5.42,1400,XNAS.ITCH,ohlcv-1m
CRMD,2022-03-23T16:07:00Z,5.41,5.41,5.41,5.41,2108,XNAS.ITCH,ohlcv-1m
CRMD,2022-03-23T16:08:00Z,5.425,5.425,5.41,5.42,2110,XNAS.ITCH,ohlcv-1m
CRMD,2022-03-23T16:09:00Z,5.44,5.44,5.4,5.4,980,XNAS.ITCH,ohlcv-1m
CRMD,2022-03-23T16:10:00Z,5.405,5.405,5.39,5.39,1682,XNAS.ITCH,ohlcv-1m
CRMD,2022-03-23T16:14:00Z,5.4,5.41,5.4,5.41,680,XNAS.ITCH,ohlcv-1m
CRMD,2022-03-23T16:16:00Z,5.44,5.44,5.44,5.44,3,XNAS.ITCH,ohlcv-1m
CRMD,2022-03-23T16:18:00Z,5.45,5.45,5.45,5.45,7,XNAS.ITCH,ohlcv-1m
CRMD,2022-03-23T16:19:00Z,5.46,5.47,5.46,5.47,429,XNAS.ITCH,ohlcv-1m
CRMD,2022-03-23T16:24:00Z,5.49,5.51,5.49,5.51,1363,XNAS.ITCH,ohlcv-1m
CRMD,2022-03-23T16:29:00Z,5.53,5.56,5.53,5.56,798,XNAS.ITCH,ohlcv-1m
CRMD,2022-03-23T16:31:00Z,5.565,5.565,5.565,5.565,3,XNAS.ITCH,ohlcv-1m
CRMD,2022-03-23T16:32:00Z,5.55,5.55,5.55,5.55,123,XNAS.ITCH,ohlcv-1m
CRMD,2022-03-23T16:33:00Z,5.56,5.56,5.56,5.56,96,XNAS.ITCH,ohlcv-1m
CRMD,2022-03-23T16:34:00Z,5.56,5.56,5.56,5.56,110,XNAS.ITCH,ohlcv-1m
CRMD,2022-03-23T16:38:00Z,5.57,5.63,5.57,5.61,1654,XNAS.ITCH,ohlcv-1m
CRMD,2022-03-23T16:42:00Z,5.6,5.6,5.6,5.6,7,XNAS.ITCH,ohlcv-1m
CRMD,2022-03-23T16:45:00Z,5.61,5.61,5.58,5.58,442,XNAS.ITCH,ohlcv-1m
CRMD,2022-03-23T16:46:00Z,5.57,5.57,5.57,5.57,200,XNAS.ITCH,ohlcv-1m
CRMD,2022-03-23T16:47:00Z,5.56,5.56,5.525,5.525,502,XNAS.ITCH,ohlcv-1m
CRMD,2022-03-23T16:48:00Z,5.53,5.54,5.53,5.53,207,XNAS.ITCH,ohlcv-1m
CRMD,2022-03-23T16:52:00Z,5.57,5.57,5.57,5.57,300,XNAS.ITCH,ohlcv-1m
CRMD,2022-03-23T16:54:00Z,5.57,5.57,5.57,5.57,10,XNAS.ITCH,ohlcv-1m
CRMD,2022-03-23T16:55:00Z,5.6,5.65,5.6,5.65,214,XNAS.ITCH,ohlcv-1m
CRMD,2022-03-23T16:57:00Z,5.64,5.64,5.64,5.64,301,XNAS.ITCH,ohlcv-1m
CRMD,2022-03-23T16:59:00Z,5.62,5.62,5.62,5.62,100,XNAS.ITCH,ohlcv-1m
CRMD,2022-03-23T17:00:00Z,5.61,5.61,5.61,5.61,1,XNAS.ITCH,ohlcv-1m
CRMD,2022-03-23T17:03:00Z,5.62,5.65,5.62,5.65,430,XNAS.ITCH,ohlcv-1m
CRMD,2022-03-23T17:04:00Z,5.65,5.65,5.65,5.65,1,XNAS.ITCH,ohlcv-1m
CRMD,2022-03-23T17:05:00Z,5.64,5.66,5.64,5.66,309,XNAS.ITCH,ohlcv-1m
CRMD,2022-03-23T17:08:00Z,5.68,5.69,5.68,5.69,185,XNAS.ITCH,ohlcv-1m
CRMD,2022-03-23T17:09:00Z,5.7,5.71,5.69,5.69,1015,XNAS.ITCH,ohlcv-1m
CRMD,2022-03-23T17:10:00Z,5.69,5.69,5.69,5.69,101,XNAS.ITCH,ohlcv-1m
CRMD,2022-03-23T17:12:00Z,5.68,5.68,5.67,5.67,300,XNAS.ITCH,ohlcv-1m
CRMD,2022-03-23T17:13:00Z,5.68,5.68,5.68,5.68,200,XNAS.ITCH,ohlcv-1m
CRMD,2022-03-23T17:15:00Z,5.68,5.68,5.68,5.68,102,XNAS.ITCH,ohlcv-1m
CRMD,2022-03-23T17:16:00Z,5.69,5.69,5.67,5.67,401,XNAS.ITCH,ohlcv-1m
CRMD,2022-03-23T17:17:00Z,5.67,5.68,5.67,5.68,113,XNAS.ITCH,ohlcv-1m
CRMD,2022-03-23T17:21:00Z,5.68,5.68,5.67,5.67,101,XNAS.ITCH,ohlcv-1m
CRMD,2022-03-23T17:22:00Z,5.66,5.66,5.65,5.66,400,XNAS.ITCH,ohlcv-1m
CRMD,2022-03-23T17:23:00Z,5.67,5.67,5.67,5.67,100,XNAS.ITCH,ohlcv-1m
CRMD,2022-03-23T17:24:00Z,5.67,5.67,5.67,5.67,101,XNAS.ITCH,ohlcv-1m
CRMD,2022-03-23T17:26:00Z,5.66,5.68,5.66,5.66,523,XNAS.ITCH,ohlcv-1m
CRMD,2022-03-23T17:29:00Z,5.64,5.64,5.64,5.64,101,XNAS.ITCH,ohlcv-1m
CRMD,2022-03-23T17:31:00Z,5.63,5.65,5.63,5.65,235,XNAS.ITCH,ohlcv-1m
CRMD,2022-03-23T17:32:00Z,5.65,5.65,5.65,5.65,100,XNAS.ITCH,ohlcv-1m
CRMD,2022-03-23T17:33:00Z,5.68,5.7,5.68,5.69,609,XNAS.ITCH,ohlcv-1m
CRMD,2022-03-23T17:34:00Z,5.7,5.73,5.7,5.73,957,XNAS.ITCH,ohlcv-1m
CRMD,2022-03-23T17:35:00Z,5.74,5.74,5.73,5.73,808,XNAS.ITCH,ohlcv-1m
CRMD,2022-03-23T17:37:00Z,5.72,5.72,5.72,5.72,100,XNAS.ITCH,ohlcv-1m
CRMD,2022-03-23T17:39:00Z,5.72,5.73,5.71,5.71,34,XNAS.ITCH,ohlcv-1m
CRMD,2022-03-23T17:41:00Z,5.7,5.7,5.7,5.7,200,XNAS.ITCH,ohlcv-1m
CRMD,2022-03-23T17:42:00Z,5.7,5.73,5.7,5.73,207,XNAS.ITCH,ohlcv-1m
CRMD,2022-03-23T17:43:00Z,5.74,5.74,5.74,5.74,140,XNAS.ITCH,ohlcv-1m
CRMD,2022-03-23T17:44:00Z,5.75,5.75,5.75,5.75,475,XNAS.ITCH,ohlcv-1m
CRMD,2022-03-23T17:45:00Z,5.76,5.76,5.76,5.76,10,XNAS.ITCH,ohlcv-1m
CRMD,2022-03-23T17:46:00Z,5.78,5.78,5.76,5.76,201,XNAS.ITCH,ohlcv-1m
CRMD,2022-03-23T17:47:00Z,5.77,5.77,5.77,5.77,3,XNAS.ITCH,ohlcv-1m
CRMD,2022-03-23T17:49:00Z,5.77,5.77,5.77,5.77,201,XNAS.ITCH,ohlcv-1m
CRMD,2022-03-23T17:51:00Z,5.77,5.77,5.77,5.77,3,XNAS.ITCH,ohlcv-1m
CRMD,2022-03-23T17:52:00Z,5.78,5.79,5.78,5.79,413,XNAS.ITCH,ohlcv-1m
CRMD,2022-03-23T17:53:00Z,5.8,5.81,5.8,5.81,123,XNAS.ITCH,ohlcv-1m
CRMD,2022-03-23T17:54:00Z,5.82,5.83,5.82,5.83,127,XNAS.ITCH,ohlcv-1m
CRMD,2022-03-23T17:56:00Z,5.83,5.84,5.83,5.84,311,XNAS.ITCH,ohlcv-1m
CRMD,2022-03-23T17:57:00Z,5.845,5.845,5.84,5.84,400,XNAS.ITCH,ohlcv-1m
CRMD,2022-03-23T17:58:00Z,5.82,5.82,5.82,5.82,711,XNAS.ITCH,ohlcv-1m
CRMD,2022-03-23T17:59:00Z,5.84,5.84,5.82,5.82,4,XNAS.ITCH,ohlcv-1m
CRMD,2022-03-23T18:03:00Z,5.84,5.86,5.84,5.86,397,XNAS.ITCH,ohlcv-1m
CRMD,2022-03-23T18:04:00Z,5.83,5.83,5.83,5.83,22,XNAS.ITCH,ohlcv-1m
CRMD,2022-03-23T18:05:00Z,5.81,5.81,5.8,5.8,502,XNAS.ITCH,ohlcv-1m
CRMD,2022-03-23T18:06:00Z,5.81,5.85,5.81,5.83,315,XNAS.ITCH,ohlcv-1m
CRMD,2022-03-23T18:09:00Z,5.82,5.82,5.82,5.82,201,XNAS.ITCH,ohlcv-1m
CRMD,2022-03-23T18:11:00Z,5.8,5.8,5.8,5.8,100,XNAS.ITCH,ohlcv-1m
CRMD,2022-03-23T18:12:00Z,5.79,5.79,5.79,5.79,200,XNAS.ITCH,ohlcv-1m
CRMD,2022-03-23T18:14:00Z,5.77,5.77,5.77,5.77,10,XNAS.ITCH,ohlcv-1m
CRMD,2022-03-23T18:16:00Z,5.78,5.78,5.78,5.78,6,XNAS.ITCH,ohlcv-1m
CRMD,2022-03-23T18:17:00Z,5.78,5.8,5.78,5.8,571,XNAS.ITCH,ohlcv-1m
CRMD,2022-03-23T18:18:00Z,5.82,5.82,5.82,5.82,1,XNAS.ITCH,ohlcv-1m
CRMD,2022-03-23T18:19:00Z,5.83,5.84,5.82,5.84,1244,XNAS.ITCH,ohlcv-1m
CRMD,2022-03-23T18:20:00Z,5.83,5.83,5.83,5.83,200,XNAS.ITCH,ohlcv-1m
CRMD,2022-03-23T18:21:00Z,5.81,5.81,5.81,5.81,100,XNAS.ITCH,ohlcv-1m
CRMD,2022-03-23T18:23:00Z,5.83,5.83,5.83,5.83,2,XNAS.ITCH,ohlcv-1m
CRMD,2022-03-23T18:24:00Z,5.82,5.82,5.82,5.82,100,XNAS.ITCH,ohlcv-1m
CRMD,2022-03-23T18:28:00Z,5.84,5.88,5.84,5.88,293,XNAS.ITCH,ohlcv-1m
CRMD,2022-03-23T18:29:00Z,5.88,5.88,5.88,5.88,6,XNAS.ITCH,ohlcv-1m
CRMD,2022-03-23T18:30:00Z,5.86,5.86,5.86,5.86,87,XNAS.ITCH,ohlcv-1m
CRMD,2022-03-23T18:31:00Z,5.87,5.87,5.86,5.86,229,XNAS.ITCH,ohlcv-1m
CRMD,2022-03-23T18:32:00Z,5.84,5.84,5.84,5.84,200,XNAS.ITCH,ohlcv-1m
CRMD,2022-03-23T18:34:00Z,5.82,5.82,5.82,5.82,115,XNAS.ITCH,ohlcv-1m
CRMD,2022-03-23T18:36:00Z,5.84,5.84,5.84,5.84,14,XNAS.ITCH,ohlcv-1m
CRMD,2022-03-23T18:38:00Z,5.86,5.87,5.86,5.87,7,XNAS.ITCH,ohlcv-1m
CRMD,2022-03-23T18:40:00Z,5.89,5.895,5.89,5.895,317,XNAS.ITCH,ohlcv-1m
CRMD,2022-03-23T18:41:00Z,5.89,5.89,5.89,5.89,101,XNAS.ITCH,ohlcv-1m
CRMD,2022-03-23T18:43:00Z,5.92,5.92,5.91,5.91,604,XNAS.ITCH,ohlcv-1m
CRMD,2022-03-23T18:44:00Z,5.9,5.9,5.9,5.9,202,XNAS.ITCH,ohlcv-1m
CRMD,2022-03-23T18:45:00Z,5.92,5.96,5.9,5.96,877,XNAS.ITCH,ohlcv-1m
CRMD,2022-03-23T18:47:00Z,5.97,6.04,5.97,6.04,2522,XNAS.ITCH,ohlcv-1m
CRMD,2022-03-23T18:48:00Z,6.03,6.08,6.02,6.08,3933,XNAS.ITCH,ohlcv-1m
CRMD,2022-03-23T18:49:00Z,6.08,6.08,6.08,6.08,467,XNAS.ITCH,ohlcv-1m
CRMD,2022-03-23T18:50:00Z,6.07,6.14,6.06,6.14,3729,XNAS.ITCH,ohlcv-1m
CRMD,2022-03-23T18:51:00Z,6.14,6.14,6.11,6.11,510,XNAS.ITCH,ohlcv-1m
CRMD,2022-03-23T18:52:00Z,6.09,6.09,6.06,6.08,1055,XNAS.ITCH,ohlcv-1m
CRMD,2022-03-23T18:53:00Z,6.08,6.1,6.0,6.08,5257,XNAS.ITCH,ohlcv-1m
CRMD,2022-03-23T18:54:00Z,6.06,6.12,6.06,6.11,2022,XNAS.ITCH,ohlcv-1m
CRMD,2022-03-23T18:55:00Z,6.13,6.15,6.13,6.15,1792,XNAS.ITCH,ohlcv-1m
CRMD,2022-03-23T18:56:00Z,6.13,6.13,6.1,6.1,1100,XNAS.ITCH,ohlcv-1m
CRMD,2022-03-23T18:57:00Z,6.09,6.09,6.07,6.07,200,XNAS.ITCH,ohlcv-1m
CRMD,2022-03-23T18:58:00Z,6.08,6.09,6.08,6.09,81,XNAS.ITCH,ohlcv-1m
CRMD,2022-03-23T18:59:00Z,6.085,6.085,6.08,6.08,300,XNAS.ITCH,ohlcv-1m
CRMD,2022-03-23T19:00:00Z,6.06,6.07,6.06,6.07,62,XNAS.ITCH,ohlcv-1m
CRMD,2022-03-23T19:01:00Z,6.08,6.08,6.08,6.08,203,XNAS.ITCH,ohlcv-1m
CRMD,2022-03-23T19:02:00Z,6.07,6.08,6.07,6.08,674,XNAS.ITCH,ohlcv-1m
CRMD,2022-03-23T19:03:00Z,6.08,6.1,6.07,6.1,1880,XNAS.ITCH,ohlcv-1m
CRMD,2022-03-23T19:04:00Z,6.08,6.08,6.05,6.05,1129,XNAS.ITCH,ohlcv-1m
CRMD,2022-03-23T19:05:00Z,6.07,6.07,6.06,6.06,1500,XNAS.ITCH,ohlcv-1m
CRMD,2022-03-23T19:08:00Z,6.06,6.08,6.06,6.06,311,XNAS.ITCH,ohlcv-1m
CRMD,2022-03-23T19:09:00Z,6.06,6.06,6.06,6.06,425,XNAS.ITCH,ohlcv-1m
CRMD,2022-03-23T19:10:00Z,6.03,6.03,6.02,6.02,301,XNAS.ITCH,ohlcv-1m
CRMD,2022-03-23T19:11:00Z,6.02,6.09,6.02,6.06,3437,XNAS.ITCH,ohlcv-1m
CRMD,2022-03-23T19:12:00Z,6.07,6.08,6.07,6.08,300,XNAS.ITCH,ohlcv-1m
CRMD,2022-03-23T19:13:00Z,6.08,6.08,6.08,6.08,503,XNAS.ITCH,ohlcv-1m
CRMD,2022-03-23T19:14:00Z,6.07,6.075,6.05,6.05,3827,XNAS.ITCH,ohlcv-1m
CRMD,2022-03-23T19:15:00Z,6.05,6.05,6.05,6.05,1280,XNAS.ITCH,ohlcv-1m
CRMD,2022-03-23T19:16:00Z,6.05,6.05,6.04,6.04,228,XNAS.ITCH,ohlcv-1m
CRMD,2022-03-23T19:17:00Z,6.04,6.04,6.03,6.03,37,XNAS.ITCH,ohlcv-1m
CRMD,2022-03-23T19:18:00Z,6.03,6.03,6.01,6.01,426,XNAS.ITCH,ohlcv-1m
CRMD,2022-03-23T19:19:00Z,6.0,6.0,6.0,6.0,557,XNAS.ITCH,ohlcv-1m
CRMD,2022-03-23T19:20:00Z,5.98,5.98,5.98,5.98,100,XNAS.ITCH,ohlcv-1m
CRMD,2022-03-23T19:21:00Z,5.98,5.99,5.97,5.97,385,XNAS.ITCH,ohlcv-1m
CRMD,2022-03-23T19:24:00Z,5.92,5.92,5.91,5.92,204,XNAS.ITCH,ohlcv-1m
CRMD,2022-03-23T19:25:00Z,5.93,5.93,5.92,5.92,204,XNAS.ITCH,ohlcv-1m
CRMD,2022-03-23T19:27:00Z,5.93,5.95,5.93,5.94,537,XNAS.ITCH,ohlcv-1m
CRMD,2022-03-23T19:29:00Z,5.95,5.95,5.94,5.94,1308,XNAS.ITCH,ohlcv-1m
CRMD,2022-03-23T19:31:00Z,5.94,5.97,5.93,5.97,1166,XNAS.ITCH,ohlcv-1m
CRMD,2022-03-23T19:32:00Z,5.96,5.96,5.96,5.96,32,XNAS.ITCH,ohlcv-1m
CRMD,2022-03-23T19:36:00Z,5.96,5.97,5.96,5.97,300,XNAS.ITCH,ohlcv-1m
CRMD,2022-03-23T19:37:00Z,5.97,5.97,5.97,5.97,105,XNAS.ITCH,ohlcv-1m
CRMD,2022-03-23T19:38:00Z,5.98,5.98,5.96,5.96,635,XNAS.ITCH,ohlcv-1m
CRMD,2022-03-23T19:40:00Z,5.95,5.95,5.93,5.93,800,XNAS.ITCH,ohlcv-1m
CRMD,2022-03-23T19:41:00Z,5.91,5.91,5.9,5.91,404,XNAS.ITCH,ohlcv-1m
CRMD,2022-03-23T19:43:00Z,5.91,5.91,5.91,5.91,10,XNAS.ITCH,ohlcv-1m
CRMD,2022-03-23T19:44:00Z,5.92,5.92,5.92,5.92,251,XNAS.ITCH,ohlcv-1m
CRMD,2022-03-23T19:45:00Z,5.93,5.93,5.93,5.93,232,XNAS.ITCH,ohlcv-1m
CRMD,2022-03-23T19:46:00Z,5.93,5.93,5.93,5.93,201,XNAS.ITCH,ohlcv-1m
CRMD,2022-03-23T19:47:00Z,5.93,5.93,5.91,5.91,591,XNAS.ITCH,ohlcv-1m
CRMD,2022-03-23T19:49:00Z,5.91,5.91,5.91,5.91,133,XNAS.ITCH,ohlcv-1m
CRMD,2022-03-23T19:50:00Z,5.9,5.9,5.9,5.9,2176,XNAS.ITCH,ohlcv-1m
CRMD,2022-03-23T19:51:00Z,5.88,5.88,5.86,5.87,801,XNAS.ITCH,ohlcv-1m
CRMD,2022-03-23T19:52:00Z,5.88,5.91,5.88,5.9,145,XNAS.ITCH,ohlcv-1m
CRMD,2022-03-23T19:53:00Z,5.905,5.93,5.89,5.93,2505,XNAS.ITCH,ohlcv-1m
CRMD,2022-03-23T19:54:00Z,5.91,5.91,5.9,5.9,209,XNAS.ITCH,ohlcv-1m
CRMD,2022-03-23T19:55:00Z,5.905,5.905,5.9,5.9,573,XNAS.ITCH,ohlcv-1m
CRMD,2022-03-23T19:56:00Z,5.9,5.9,5.89,5.89,1055,XNAS.ITCH,ohlcv-1m
CRMD,2022-03-23T19:57:00Z,5.89,5.9,5.88,5.9,960,XNAS.ITCH,ohlcv-1m
CRMD,2022-03-23T19:58:00Z,5.89,5.9,5.89,5.9,710,XNAS.ITCH,ohlcv-1m
CRMD,2022-03-23T19:59:00Z,5.89,5.9,5.88,5.9,1114,XNAS.ITCH,ohlcv-1m
CRMD,2022-03-23T20:00:00Z,5.88,5.88,5.88,5.88,8543,XNAS.ITCH,ohlcv-1m
CRMD,2022-03-23T20:01:00Z,5.95,6.1,5.95,6.1,495,XNAS.ITCH,ohlcv-1m
CRMD,2022-03-23T20:06:00Z,5.93,5.93,5.93,5.93,300,XNAS.ITCH,ohlcv-1m
CRMD,2022-03-23T20:30:00Z,5.9,5.9,5.9,5.9,2,XNAS.ITCH,ohlcv-1m
CRMD,2022-03-23T20:46:00Z,5.9,5.9,5.9,5.9,40,XNAS.ITCH,ohlcv-1m
CRMD,2022-03-23T21:09:00Z,5.9,5.9,5.9,5.9,13,XNAS.ITCH,ohlcv-1m
CRMD,2022-03-23T21:40:00Z,5.9,5.9,5.9,5.9,10,XNAS.ITCH,ohlcv-1m
CRMD,2022-03-23T21:42:00Z,5.9,5.9,5.9,5.9,100,XNAS.ITCH,ohlcv-1m
CRMD,2022-03-23T21:44:00Z,5.9,6.05,5.9,6.05,202,XNAS.ITCH,ohlcv-1m
CRMD,2022-03-23T23:56:00Z,5.88,5.88,5.88,5.88,10,XNAS.ITCH,ohlcv-1m
CRMD,2022-03-24T12:49:00Z,5.97,5.97,5.97,5.97,138,XNAS.ITCH,ohlcv-1m
CRMD,2022-03-24T13:29:00Z,5.95,5.95,5.95,5.95,35,XNAS.ITCH,ohlcv-1m
CRMD,2022-03-24T13:30:00Z,5.92,5.92,5.92,5.92,7952,XNAS.ITCH,ohlcv-1m
CRMD,2022-03-24T13:31:00Z,5.93,5.93,5.83,5.83,2533,XNAS.ITCH,ohlcv-1m
CRMD,2022-03-24T13:32:00Z,5.82,5.82,5.68,5.68,1243,XNAS.ITCH,ohlcv-1m
CRMD,2022-03-24T13:33:00Z,5.68,5.68,5.66,5.66,35,XNAS.ITCH,ohlcv-1m
CRMD,2022-03-24T13:34:00Z,5.66,5.66,5.66,5.66,190,XNAS.ITCH,ohlcv-1m
CRMD,2022-03-24T13:35:00Z,5.69,5.7,5.68,5.68,343,XNAS.ITCH,ohlcv-1m
CRMD,2022-03-24T13:36:00Z,5.69,5.75,5.68,5.75,167,XNAS.ITCH,ohlcv-1m
CRMD,2022-03-24T13:37:00Z,5.76,5.77,5.75,5.76,259,XNAS.ITCH,ohlcv-1m
CRMD,2022-03-24T13:38:00Z,5.76,5.85,5.75,5.84,1316,XNAS.ITCH,ohlcv-1m
CRMD,2022-03-24T13:39:00Z,5.82,5.86,5.81,5.84,377,XNAS.ITCH,ohlcv-1m
CRMD,2022-03-24T13:40:00Z,5.84,5.84,5.79,5.8,780,XNAS.ITCH,ohlcv-1m
CRMD,2022-03-24T13:42:00Z,5.83,5.89,5.83,5.86,118,XNAS.ITCH,ohlcv-1m
CRMD,2022-03-24T13:43:00Z,5.85,5.87,5.85,5.85,1259,XNAS.ITCH,ohlcv-1m
CRMD,2022-03-24T13:44:00Z,5.85,5.85,5.85,5.85,208,XNAS.ITCH,ohlcv-1m
CRMD,2022-03-24T13:45:00Z,5.845,5.845,5.79,5.79,132,XNAS.ITCH,ohlcv-1m
CRMD,2022-03-24T13:46:00Z,5.79,5.83,5.76,5.81,1945,XNAS.ITCH,ohlcv-1m
CRMD,2022-03-24T13:47:00Z,5.82,5.82,5.76,5.76,1185,XNAS.ITCH,ohlcv-1m
CRMD,2022-03-24T13:49:00Z,5.69,5.69,5.69,5.69,10,XNAS.ITCH,ohlcv-1m
CRMD,2022-03-24T13:50:00Z,5.67,5.67,5.67,5.67,9,XNAS.ITCH,ohlcv-1m
CRMD,2022-03-24T13:52:00Z,5.7,5.7,5.69,5.69,308,XNAS.ITCH,ohlcv-1m
CRMD,2022-03-24T13:54:00Z,5.7,5.7,5.7,5.7,11,XNAS.ITCH,ohlcv-1m
CRMD,2022-03-24T13:56:00Z,5.725,5.725,5.725,5.725,5,XNAS.ITCH,ohlcv-1m
CRMD,2022-03-24T13:57:00Z,5.77,5.77,5.77,5.77,3,XNAS.ITCH,ohlcv-1m
CRMD,2022-03-24T13:58:00Z,5.75,5.75,5.73,5.73,333,XNAS.ITCH,ohlcv-1m
CRMD,2022-03-24T14:02:00Z,5.77,5.79,5.77,5.79,214,XNAS.ITCH,ohlcv-1m
CRMD,2022-03-24T14:04:00Z,5.81,5.83,5.81,5.83,400,XNAS.ITCH,ohlcv-1m
CRMD,2022-03-24T14:05:00Z,5.83,5.88,5.83,5.87,1000,XNAS.ITCH,ohlcv-1m
CRMD,2022-03-24T14:06:00Z,5.86,5.86,5.86,5.86,116,XNAS.ITCH,ohlcv-1m
CRMD,2022-03-24T14:11:00Z,5.81,5.81,5.81,5.81,100,XNAS.ITCH,ohlcv-1m
CRMD,2022-03-24T14:12:00Z,5.8,5.8,5.8,5.8,9,XNAS.ITCH,ohlcv-1m
CRMD,2022-03-24T14:14:00Z,5.82,5.82,5.82,5.82,5,XNAS.ITCH,ohlcv-1m
CRMD,2022-03-24T14:18:00Z,5.78,5.78,5.78,5.78,100,XNAS.ITCH,ohlcv-1m
CRMD,2022-03-24T14:19:00Z,5.77,5.77,5.765,5.765,201,XNAS.ITCH,ohlcv-1m
CRMD,2022-03-24T14:21:00Z,5.74,5.745,5.74,5.745,200,XNAS.ITCH,ohlcv-1m
CRMD,2022-03-24T14:23:00Z,5.74,5.74,5.74,5.74,100,XNAS.ITCH,ohlcv-1m
CRMD,2022-03-24T14:24:00Z,5.74,5.74,5.74,5.74,6,XNAS.ITCH,ohlcv-1m
CRMD,2022-03-24T14:25:00Z,5.74,5.74,5.74,5.74,12,XNAS.ITCH,ohlcv-1m
CRMD,2022-03-24T14:26:00Z,5.74,5.74,5.73,5.73,254,XNAS.ITCH,ohlcv-1m
CRMD,2022-03-24T14:27:00Z,5.725,5.725,5.7,5.7,201,XNAS.ITCH,ohlcv-1m
CRMD,2022-03-24T14:29:00Z,5.73,5.75,5.73,5.75,230,XNAS.ITCH,ohlcv-1m
CRMD,2022-03-24T14:32:00Z,5.74,5.77,5.74,5.77,467,XNAS.ITCH,ohlcv-1m
CRMD,2022-03-24T14:34:00Z,5.78,5.78,5.78,5.78,200,XNAS.ITCH,ohlcv-1m
CRMD,2022-03-24T14:35:00Z,5.79,5.8,5.79,5.8,200,XNAS.ITCH,ohlcv-1m
CRMD,2022-03-24T14:36:00Z,5.81,5.85,5.81,5.83,574,XNAS.ITCH,ohlcv-1m
CRMD,2022-03-24T14:37:00Z,5.85,5.88,5.85,5.88,2617,XNAS.ITCH,ohlcv-1m
CRMD,2022-03-24T14:39:00Z,5.89,5.89,5.88,5.88,300,XNAS.ITCH,ohlcv-1m
CRMD,2022-03-24T14:43:00Z,5.88,5.91,5.88,5.91,306,XNAS.ITCH,ohlcv-1m
CRMD,2022-03-24T14:45:00Z,5.91,5.935,5.91,5.935,174,XNAS.ITCH,ohlcv-1m
CRMD,2022-03-24T14:47:00Z,5.94,5.94,5.94,5.94,26,XNAS.ITCH,ohlcv-1m
CRMD,2022-03-24T14:49:00Z,5.93,5.96,5.91,5.91,564,XNAS.ITCH,ohlcv-1m
CRMD,2022-03-24T14:51:00Z,5.91,5.91,5.91,5.91,11,XNAS.ITCH,ohlcv-1m
CRMD,2022-03-24T14:52:00Z,5.91,5.91,5.91,5.91,100,XNAS.ITCH,ohlcv-1m
CRMD,2022-03-24T14:53:00Z,5.9,5.9,5.9,5.9,99,XNAS.ITCH,ohlcv-1m
CRMD,2022-03-24T14:54:00Z,5.89,5.92,5.89,5.92,978,XNAS.ITCH,ohlcv-1m
CRMD,2022-03-24T14:59:00Z,5.91,5.95,5.91,5.93,819,XNAS.ITCH,ohlcv-1m
CRMD,2022-03-24T15:00:00Z,5.98,5.99,5.97,5.97,71,XNAS.ITCH,ohlcv-1m
CRMD,2022-03-24T15:02:00Z,6.0,6.01,5.99,6.01,472,XNAS.ITCH,ohlcv-1m
CRMD,2022-03-24T15:04:00Z,6.03,6.06,6.03,6.06,301,XNAS.ITCH,ohlcv-1m
CRMD,2022-03-24T15:05:00Z,6.05,6.07,6.05,6.07,702,XNAS.ITCH,ohlcv-1m
CRMD,2022-03-24T15:06:00Z,6.04,6.04,6.04,6.04,100,XNAS.ITCH,ohlcv-1m
CRMD,2022-03-24T15:07:00Z,6.05,6.05,6.02,6.02,119,XNAS.ITCH,ohlcv-1m
CRMD,2022-03-24T15:10:00Z,5.97,5.97,5.97,5.97,100,XNAS.ITCH,ohlcv-1m
CRMD,2022-03-24T15:14:00Z,5.96,5.96,5.96,5.96,4,XNAS.ITCH,ohlcv-1m
CRMD,2022-03-24T15:16:00Z,5.98,5.98,5.97,5.97,448,XNAS.ITCH,ohlcv-1m
CRMD,2022-03-24T15:18:00Z,5.97,5.97,5.97,5.97,9,XNAS.ITCH,ohlcv-1m
CRMD,2022-03-24T15:19:00Z,5.98,5.98,5.98,5.98,262,XNAS.ITCH,ohlcv-1m
CRMD,2022-03-24T15:21:00Z,5.97,5.97,5.97,5.97,100,XNAS.ITCH,ohlcv-1m
CRMD,2022-03-24T15:28:00Z,5.96,5.96,5.96,5.96,100,XNAS.ITCH,ohlcv-1m
CRMD,2022-03-24T15:29:00Z,5.95,5.95,5.95,5.95,12,XNAS.ITCH,ohlcv-1m
CRMD,2022-03-24T15:31:00Z,5.915,5.915,5.915,5.915,100,XNAS.ITCH,ohlcv-1m
CRMD,2022-03-24T15:32:00Z,5.915,5.915,5.9,5.9,148,XNAS.ITCH,ohlcv-1m
CRMD,2022-03-24T15:35:00Z,5.885,5.885,5.86,5.86,166,XNAS.ITCH,ohlcv-1m
CRMD,2022-03-24T15:38:00Z,5.84,5.86,5.84,5.86,274,XNAS.ITCH,ohlcv-1m
CRMD,2022-03-24T15:39:00Z,5.87,5.87,5.87,5.87,109,XNAS.ITCH,ohlcv-1m
CRMD,2022-03-24T15:43:00Z,5.88,5.94,5.88,5.93,1497,XNAS.ITCH,ohlcv-1m
CRMD,2022-03-24T15:44:00Z,5.91,5.91,5.89,5.89,187,XNAS.ITCH,ohlcv-1m
CRMD,2022-03-24T15:46:00Z,5.85,5.87,5.85,5.87,1203,XNAS.ITCH,ohlcv-1m
CRMD,2022-03-24T15:51:00Z,5.86,5.86,5.86,5.86,162,XNAS.ITCH,ohlcv-1m
CRMD,2022-03-24T15:52:00Z,5.87,5.88,5.87,5.88,174,XNAS.ITCH,ohlcv-1m
CRMD,2022-03-24T15:54:00Z,5.9,5.9,5.9,5.9,178,XNAS.ITCH,ohlcv-1m
CRMD,2022-03-24T15:57:00Z,5.89,5.89,5.89,5.89,101,XNAS.ITCH,ohlcv-1m
CRMD,2022-03-24T15:59:00Z,5.87,5.87,5.87,5.87,80,XNAS.ITCH,ohlcv-1m
CRMD,2022-03-24T16:00:00Z,5.86,5.86,5.86,5.86,101,XNAS.ITCH,ohlcv-1m
CRMD,2022-03-24T16:05:00Z,5.84,5.86,5.84,5.86,542,XNAS.ITCH,ohlcv-1m
CRMD,2022-03-24T16:06:00Z,5.87,5.9,5.87,5.9,138,XNAS.ITCH,ohlcv-1m
CRMD,2022-03-24T16:07:00Z,5.9,5.94,5.9,5.94,126,XNAS.ITCH,ohlcv-1m
CRMD,2022-03-24T16:08:00Z,5.96,6.02,5.96,5.98,1527,XNAS.ITCH,ohlcv-1m
CRMD,2022-03-24T16:14:00Z,5.99,5.99,5.99,5.99,131,XNAS.ITCH,ohlcv-1m
CRMD,2022-03-24T16:15:00Z,5.97,5.97,5.97,5.97,16,XNAS.ITCH,ohlcv-1m
CRMD,2022-03-24T16:16:00Z,5.95,5.97,5.95,5.97,300,XNAS.ITCH,ohlcv-1m
CRMD,2022-03-24T16:20:00Z,5.98,6.0,5.98,6.0,418,XNAS.ITCH,ohlcv-1m
CRMD,2022-03-24T16:21:00Z,6.01,6.01,6.01,6.01,100,XNAS.ITCH,ohlcv-1m
CRMD,2022-03-24T16:22:00Z,6.0,6.0,5.99,5.99,2492,XNAS.ITCH,ohlcv-1m
CRMD,2022-03-24T16:33:00Z,5.93,5.93,5.93,5.93,1,XNAS.ITCH,ohlcv-1m
CRMD,2022-03-24T16:37:00Z,5.93,5.94,5.93,5.94,200,XNAS.ITCH,ohlcv-1m
CRMD,2022-03-24T16:38:00Z,5.95,5.99,5.95,5.98,819,XNAS.ITCH,ohlcv-1m
CRMD,2022-03-24T16:41:00Z,5.99,5.99,5.99,5.99,22,XNAS.ITCH,ohlcv-1m
CRMD,2022-03-24T16:42:00Z,5.99,5.99,5.97,5.97,213,XNAS.ITCH,ohlcv-1m
CRMD,2022-03-24T16:53:00Z,5.99,6.04,5.99,6.04,1605,XNAS.ITCH,ohlcv-1m
CRMD,2022-03-24T16:54:00Z,6.04,6.04,6.04,6.04,43,XNAS.ITCH,ohlcv-1m
CRMD,2022-03-24T16:55:00Z,6.04,6.04,6.04,6.04,773,XNAS.ITCH,ohlcv-1m
CRMD,2022-03-24T16:56:00Z,6.05,6.05,6.05,6.05,3,XNAS.ITCH,ohlcv-1m
CRMD,2022-03-24T16:59:00Z,6.04,6.04,6.04,6.04,71,XNAS.ITCH,ohlcv-1m
CRMD,2022-03-24T17:00:00Z,6.02,6.02,6.02,6.02,89,XNAS.ITCH,ohlcv-1m
CRMD,2022-03-24T17:08:00Z,6.0,6.0,6.0,6.0,263,XNAS.ITCH,ohlcv-1m
CRMD,2022-03-24T17:11:00Z,5.99,6.01,5.99,6.01,450,XNAS.ITCH,ohlcv-1m
CRMD,2022-03-24T17:15:00Z,6.02,6.04,6.02,6.04,433,XNAS.ITCH,ohlcv-1m
CRMD,2022-03-24T17:30:00Z,6.01,6.01,6.01,6.01,132,XNAS.ITCH,ohlcv-1m
CRMD,2022-03-24T17:33:00Z,6.01,6.01,6.01,6.01,101,XNAS.ITCH,ohlcv-1m
CRMD,2022-03-24T17:36:00Z,5.99,5.99,5.99,5.99,300,XNAS.ITCH,ohlcv-1m
CRMD,2022-03-24T17:38:00Z,5.99,6.02,5.99,6.02,469,XNAS.ITCH,ohlcv-1m
CRMD,2022-03-24T17:39:00Z,6.03,6.04,6.03,6.04,778,XNAS.ITCH,ohlcv-1m
CRMD,2022-03-24T17:41:00Z,6.04,6.04,6.04,6.04,100,XNAS.ITCH,ohlcv-1m
CRMD,2022-03-24T17:47:00Z,6.04,6.04,6.04,6.04,1,XNAS.ITCH,ohlcv-1m
CRMD,2022-03-24T17:49:00Z,6.03,6.03,6.03,6.03,100,XNAS.ITCH,ohlcv-1m
CRMD,2022-03-24T17:57:00Z,6.02,6.02,6.02,6.02,301,XNAS.ITCH,ohlcv-1m
CRMD,2022-03-24T17:58:00Z,6.03,6.03,6.03,6.03,18,XNAS.ITCH,ohlcv-1m
CRMD,2022-03-24T18:03:00Z,6.04,6.04,6.04,6.04,2,XNAS.ITCH,ohlcv-1m
CRMD,2022-03-24T18:08:00Z,6.01,6.01,6.01,6.01,100,XNAS.ITCH,ohlcv-1m
CRMD,2022-03-24T18:09:00Z,6.01,6.01,6.01,6.01,929,XNAS.ITCH,ohlcv-1m
CRMD,2022-03-24T18:10:00Z,6.03,6.05,6.03,6.03,320,XNAS.ITCH,ohlcv-1m
CRMD,2022-03-24T18:13:00Z,6.025,6.025,6.025,6.025,100,XNAS.ITCH,ohlcv-1m
CRMD,2022-03-24T18:14:00Z,6.04,6.04,6.04,6.04,282,XNAS.ITCH,ohlcv-1m
CRMD,2022-03-24T18:15:00Z,6.03,6.04,6.03,6.04,200,XNAS.ITCH,ohlcv-1m
CRMD,2022-03-24T18:16:00Z,6.05,6.05,6.05,6.05,159,XNAS.ITCH,ohlcv-1m
CRMD,2022-03-24T18:18:00Z,6.04,6.06,6.04,6.06,73,XNAS.ITCH,ohlcv-1m
CRMD,2022-03-24T18:19:00Z,6.06,6.06,6.06,6.06,300,XNAS.ITCH,ohlcv-1m
CRMD,2022-03-24T18:23:00Z,6.04,6.04,6.01,6.01,2,XNAS.ITCH,ohlcv-1m
CRMD,2022-03-24T18:24:00Z,6.03,6.03,6.03,6.03,98,XNAS.ITCH,ohlcv-1m
CRMD,2022-03-24T18:28:00Z,6.01,6.01,6.01,6.01,101,XNAS.ITCH,ohlcv-1m
CRMD,2022-03-24T18:36:00Z,6.02,6.02,6.02,6.02,400,XNAS.ITCH,ohlcv-1m
CRMD,2022-03-24T18:40:00Z,6.03,6.03,6.03,6.03,200,XNAS.ITCH,ohlcv-1m
CRMD,2022-03-24T18:41:00Z,6.025,6.025,6.025,6.025,67,XNAS.ITCH,ohlcv-1m
CRMD,2022-03-24T18:42:00Z,6.025,6.025,6.025,6.025,100,XNAS.ITCH,ohlcv-1m
CRMD,2022-03-24T18:44:00Z,6.03,6.04,6.03,6.04,606,XNAS.ITCH,ohlcv-1m
CRMD,2022-03-24T18:45:00Z,6.07,6.09,6.07,6.09,1501,XNAS.ITCH,ohlcv-1m
CRMD,2022-03-24T18:46:00Z,6.1,6.1,6.1,6.1,700,XNAS.ITCH,ohlcv-1m
CRMD,2022-03-24T18:47:00Z,6.13,6.13,6.13,6.13,191,XNAS.ITCH,ohlcv-1m
CRMD,2022-03-24T18:48:00Z,6.13,6.13,6.105,6.13,786,XNAS.ITCH,ohlcv-1m
CRMD,2022-03-24T18:50:00Z,6.1,6.1,6.1,6.1,101,XNAS.ITCH,ohlcv-1m
CRMD,2022-03-24T18:51:00Z,6.08,6.08,6.08,6.08,100,XNAS.ITCH,ohlcv-1m
CRMD,2022-03-24T19:02:00Z,6.05,6.05,6.05,6.05,101,XNAS.ITCH,ohlcv-1m
CRMD,2022-03-24T19:09:00Z,6.01,6.01,6.0,6.0,302,XNAS.ITCH,ohlcv-1m
CRMD,2022-03-24T19:10:00Z,6.0,6.0,6.0,6.0,18,XNAS.ITCH,ohlcv-1m
CRMD,2022-03-24T19:12:00Z,6.01,6.03,6.01,6.03,1028,XNAS.ITCH,ohlcv-1m
CRMD,2022-03-24T19:13:00Z,6.03,6.04,6.02,6.02,969,XNAS.ITCH,ohlcv-1m
CRMD,2022-03-24T19:15:00Z,6.02,6.02,6.02,6.02,1,XNAS.ITCH,ohlcv-1m
CRMD,2022-03-24T19:17:00Z,6.03,6.03,6.03,6.03,100,XNAS.ITCH,ohlcv-1m
CRMD,2022-03-24T19:18:00Z,6.04,6.04,6.04,6.04,219,XNAS.ITCH,ohlcv-1m
CRMD,2022-03-24T19:19:00Z,6.06,6.09,6.06,6.09,797,XNAS.ITCH,ohlcv-1m
CRMD,2022-03-24T19:23:00Z,6.07,6.07,6.07,6.07,100,XNAS.ITCH,ohlcv-1m
CRMD,2022-03-24T19:25:00Z,6.09,6.15,6.09,6.15,6301,XNAS.ITCH,ohlcv-1m
CRMD,2022-03-24T19:27:00Z,6.17,6.17,6.16,6.16,1114,XNAS.ITCH,ohlcv-1m
CRMD,2022-03-24T19:29:00Z,6.16,6.16,6.16,6.16,425,XNAS.ITCH,ohlcv-1m
CRMD,2022-03-24T19:30:00Z,6.16,6.17,6.16,6.17,595,XNAS.ITCH,ohlcv-1m
CRMD,2022-03-24T19:31:00Z,6.17,6.17,6.17,6.17,100,XNAS.ITCH,ohlcv-1m
CRMD,2022-03-24T19:32:00Z,6.16,6.16,6.15,6.15,401,XNAS.ITCH,ohlcv-1m
CRMD,2022-03-24T19:33:00Z,6.16,6.16,6.16,6.16,100,XNAS.ITCH,ohlcv-1m
CRMD,2022-03-24T19:34:00Z,6.16,6.17,6.16,6.17,308,XNAS.ITCH,ohlcv-1m
CRMD,2022-03-24T19:35:00Z,6.165,6.175,6.165,6.17,1270,XNAS.ITCH,ohlcv-1m
CRMD,2022-03-24T19:36:00Z,6.175,6.175,6.17,6.17,432,XNAS.ITCH,ohlcv-1m
CRMD,2022-03-24T19:37:00Z,6.17,6.17,6.17,6.17,158,XNAS.ITCH,ohlcv-1m
CRMD,2022-03-24T19:39:00Z,6.17,6.17,6.17,6.17,256,XNAS.ITCH,ohlcv-1m
CRMD,2022-03-24T19:41:00Z,6.17,6.17,6.17,6.17,100,XNAS.ITCH,ohlcv-1m
CRMD,2022-03-24T19:42:00Z,6.17,6.17,6.17,6.17,397,XNAS.ITCH,ohlcv-1m
CRMD,2022-03-24T19:43:00Z,6.18,6.18,6.18,6.18,5213,XNAS.ITCH,ohlcv-1m
CRMD,2022-03-24T19:44:00Z,6.18,6.21,6.18,6.21,12084,XNAS.ITCH,ohlcv-1m
CRMD,2022-03-24T19:45:00Z,6.22,6.22,6.22,6.22,104,XNAS.ITCH,ohlcv-1m
CRMD,2022-03-24T19:46:00Z,6.21,6.21,6.21,6.21,400,XNAS.ITCH,ohlcv-1m
CRMD,2022-03-24T19:48:00Z,6.2,6.22,6.2,6.22,492,XNAS.ITCH,ohlcv-1m
CRMD,2022-03-24T19:49:00Z,6.22,6.22,6.22,6.22,50,XNAS.ITCH,ohlcv-1m
CRMD,2022-03-24T19:50:00Z,6.23,6.24,6.23,6.23,3560,XNAS.ITCH,ohlcv-1m
CRMD,2022-03-24T19:51:00Z,6.23,6.23,6.23,6.23,10,XNAS.ITCH,ohlcv-1m
CRMD,2022-03-24T19:52:00Z,6.23,6.24,6.23,6.23,218,XNAS.ITCH,ohlcv-1m
CRMD,2022-03-24T19:53:00Z,6.23,6.23,6.215,6.22,1861,XNAS.ITCH,ohlcv-1m
CRMD,2022-03-24T19:54:00Z,6.22,6.23,6.22,6.23,530,XNAS.ITCH,ohlcv-1m
CRMD,2022-03-24T19:55:00Z,6.23,6.32,6.23,6.27,5049,XNAS.ITCH,ohlcv-1m
CRMD,2022-03-24T19:56:00Z,6.27,6.27,6.25,6.25,1458,XNAS.ITCH,ohlcv-1m
CRMD,2022-03-24T19:57:00Z,6.25,6.27,6.25,6.26,1542,XNAS.ITCH,ohlcv-1m
CRMD,2022-03-24T19:58:00Z,6.26,6.26,6.25,6.25,1233,XNAS.ITCH,ohlcv-1m
CRMD,2022-03-24T19:59:00Z,6.25,6.26,6.23,6.24,2324,XNAS.ITCH,ohlcv-1m
CRMD,2022-03-24T20:00:00Z,6.24,6.24,6.24,6.24,12006,XNAS.ITCH,ohlcv-1m
CRMD,2022-03-25T12:20:00Z,6.35,6.35,6.35,6.35,55,XNAS.ITCH,ohlcv-1m
CRMD,2022-03-25T13:30:00Z,6.24,6.35,6.19,6.19,1957,XNAS.ITCH,ohlcv-1m
CRMD,2022-03-25T13:35:00Z,6.15,6.15,6.15,6.15,1,XNAS.ITCH,ohlcv-1m
CRMD,2022-03-25T13:36:00Z,6.06,6.06,5.99,5.99,2779,XNAS.ITCH,ohlcv-1m
CRMD,2022-03-25T13:37:00Z,6.01,6.02,6.0,6.0,943,XNAS.ITCH,ohlcv-1m
CRMD,2022-03-25T13:38:00Z,6.03,6.03,6.03,6.03,50,XNAS.ITCH,ohlcv-1m
CRMD,2022-03-25T13:39:00Z,6.0,6.0,5.98,5.98,298,XNAS.ITCH,ohlcv-1m
CRMD,2022-03-25T13:40:00Z,5.95,5.96,5.94,5.94,1800,XNAS.ITCH,ohlcv-1m
CRMD,2022-03-25T13:45:00Z,5.93,5.93,5.93,5.93,116,XNAS.ITCH,ohlcv-1m
CRMD,2022-03-25T13:48:00Z,5.95,5.96,5.95,5.96,309,XNAS.ITCH,ohlcv-1m
CRMD,2022-03-25T13:49:00Z,5.96,6.0,5.96,6.0,1403,XNAS.ITCH,ohlcv-1m
CRMD,2022-03-25T13:50:00Z,6.0,6.02,6.0,6.02,503,XNAS.ITCH,ohlcv-1m
CRMD,2022-03-25T13:51:00Z,6.04,6.07,6.04,6.07,290,XNAS.ITCH,ohlcv-1m
CRMD,2022-03-25T13:53:00Z,6.09,6.15,6.09,6.15,3119,XNAS.ITCH,ohlcv-1m
CRMD,2022-03-25T13:56:00Z,6.11,6.11,6.11,6.11,163,XNAS.ITCH,ohlcv-1m
CRMD,2022-03-25T13:57:00Z,6.11,6.11,6.11,6.11,15,XNAS.ITCH,ohlcv-1m
CRMD,2022-03-25T14:01:00Z,6.09,6.09,6.09,6.09,8,XNAS.ITCH,ohlcv-1m
CRMD,2022-03-25T14:04:00Z,6.09,6.09,6.09,6.09,7,XNAS.ITCH,ohlcv-1m
CRMD,2022-03-25T14:05:00Z,6.12,6.12,6.12,6.12,100,XNAS.ITCH,ohlcv-1m
CRMD,2022-03-25T14:07:00Z,6.12,6.12,6.11,6.12,243,XNAS.ITCH,ohlcv-1m
CRMD,2022-03-25T14:09:00Z,6.13,6.14,6.13,6.14,1158,XNAS.ITCH,ohlcv-1m
CRMD,2022-03-25T14:10:00Z,6.15,6.25,6.15,6.25,14728,XNAS.ITCH,ohlcv-1m
CRMD,2022-03-25T14:12:00Z,6.23,6.23,6.22,6.22,60,XNAS.ITCH,ohlcv-1m
CRMD,2022-03-25T14:13:00Z,6.22,6.22,6.22,6.22,13,XNAS.ITCH,ohlcv-1m
CRMD,2022-03-25T14:14:00Z,6.2,6.2,6.2,6.2,2,XNAS.ITCH,ohlcv-1m
CRMD,2022-03-25T14:16:00Z,6.23,6.27,6.23,6.27,168,XNAS.ITCH,ohlcv-1m
CRMD,2022-03-25T14:17:00Z,6.25,6.25,6.25,6.25,18,XNAS.ITCH,ohlcv-1m
CRMD,2022-03-25T14:19:00Z,6.22,6.22,6.2,6.2,183,XNAS.ITCH,ohlcv-1m
CRMD,2022-03-25T14:23:00Z,6.22,6.22,6.22,6.22,42,XNAS.ITCH,ohlcv-1m
CRMD,2022-03-25T14:24:00Z,6.23,6.23,6.23,6.23,8,XNAS.ITCH,ohlcv-1m
CRMD,2022-03-25T14:25:00Z,6.22,6.22,6.22,6.22,334,XNAS.ITCH,ohlcv-1m
CRMD,2022-03-25T14:28:00Z,6.21,6.21,6.21,6.21,100,XNAS.ITCH,ohlcv-1m
CRMD,2022-03-25T14:30:00Z,6.22,6.24,6.22,6.24,201,XNAS.ITCH,ohlcv-1m
CRMD,2022-03-25T14:32:00Z,6.23,6.23,6.23,6.23,594,XNAS.ITCH,ohlcv-1m
CRMD,2022-03-25T14:33:00Z,6.24,6.25,6.24,6.25,975,XNAS.ITCH,ohlcv-1m
CRMD,2022-03-25T14:34:00Z,6.27,6.28,6.27,6.28,1013,XNAS.ITCH,ohlcv-1m
CRMD,2022-03-25T14:35:00Z,6.31,6.31,6.3,6.31,1594,XNAS.ITCH,ohlcv-1m
CRMD,2022-03-25T14:36:00Z,6.29,6.29,6.28,6.28,200,XNAS.ITCH,ohlcv-1m
CRMD,2022-03-25T14:37:00Z,6.3,6.3,6.3,6.3,100,XNAS.ITCH,ohlcv-1m
CRMD,2022-03-25T14:38:00Z,6.3,6.3,6.3,6.3,100,XNAS.ITCH,ohlcv-1m
CRMD,2022-03-25T14:41:00Z,6.3,6.3,6.3,6.3,300,XNAS.ITCH,ohlcv-1m
CRMD,2022-03-25T14:43:00Z,6.29,6.29,6.29,6.29,101,XNAS.ITCH,ohlcv-1m
CRMD,2022-03-25T14:48:00Z,6.27,6.27,6.26,6.26,40,XNAS.ITCH,ohlcv-1m
CRMD,2022-03-25T14:50:00Z,6.21,6.21,6.21,6.21,106,XNAS.ITCH,ohlcv-1m
CRMD,2022-03-25T14:57:00Z,6.19,6.19,6.19,6.19,1,XNAS.ITCH,ohlcv-1m
CRMD,2022-03-25T14:59:00Z,6.2,6.2,6.2,6.2,260,XNAS.ITCH,ohlcv-1m
CRMD,2022-03-25T15:01:00Z,6.21,6.21,6.21,6.21,320,XNAS.ITCH,ohlcv-1m
CRMD,2022-03-25T15:03:00Z,6.23,6.23,6.23,6.23,300,XNAS.ITCH,ohlcv-1m
CRMD,2022-03-25T15:06:00Z,6.26,6.26,6.26,6.26,100,XNAS.ITCH,ohlcv-1m
CRMD,2022-03-25T15:08:00Z,6.25,6.25,6.24,6.24,411,XNAS.ITCH,ohlcv-1m
CRMD,2022-03-25T15:09:00Z,6.23,6.23,6.23,6.23,1,XNAS.ITCH,ohlcv-1m
CRMD,2022-03-25T15:10:00Z,6.24,6.24,6.24,6.24,1,XNAS.ITCH,ohlcv-1m
CRMD,2022-03-25T15:19:00Z,6.225,6.225,6.225,6.225,100,XNAS.ITCH,ohlcv-1m
CRMD,2022-03-25T15:20:00Z,6.23,6.23,6.23,6.23,2,XNAS.ITCH,ohlcv-1m
CRMD,2022-03-25T15:25:00Z,6.22,6.22,6.22,6.22,34,XNAS.ITCH,ohlcv-1m
CRMD,2022-03-25T15:26:00Z,6.2,6.2,6.13,6.15,869,XNAS.ITCH,ohlcv-1m
CRMD,2022-03-25T15:28:00Z,6.1,6.1,6.1,6.1,600,XNAS.ITCH,ohlcv-1m
CRMD,2022-03-25T15:34:00Z,6.12,6.14,6.12,6.14,603,XNAS.ITCH,ohlcv-1m
CRMD,2022-03-25T15:36:00Z,6.16,6.16,6.16,6.16,1,XNAS.ITCH,ohlcv-1m
CRMD,2022-03-25T15:37:00Z,6.15,6.15,6.15,6.15,280,XNAS.ITCH,ohlcv-1m
CRMD,2022-03-25T15:42:00Z,6.15,6.16,6.15,6.16,700,XNAS.ITCH,ohlcv-1m
CRMD,2022-03-25T15:43:00Z,6.16,6.16,6.16,6.16,100,XNAS.ITCH,ohlcv-1m
CRMD,2022-03-25T15:44:00Z,6.16,6.16,6.16,6.16,100,XNAS.ITCH,ohlcv-1m
CRMD,2022-03-25T15:49:00Z,6.165,6.165,6.165,6.165,100,XNAS.ITCH,ohlcv-1m
CRMD,2022-03-25T15:50:00Z,6.165,6.165,6.165,6.165,1,XNAS.ITCH,ohlcv-1m
CRMD,2022-03-25T15:52:00Z,6.165,6.165,6.165,6.165,100,XNAS.ITCH,ohlcv-1m
CRMD,2022-03-25T16:00:00Z,6.18,6.18,6.17,6.17,600,XNAS.ITCH,ohlcv-1m
CRMD,2022-03-25T16:01:00Z,6.16,6.16,6.16,6.16,300,XNAS.ITCH,ohlcv-1m
CRMD,2022-03-25T16:02:00Z,6.165,6.165,6.165,6.165,99,XNAS.ITCH,ohlcv-1m
CRMD,2022-03-25T16:08:00Z,6.17,6.17,6.17,6.17,10,XNAS.ITCH,ohlcv-1m
CRMD,2022-03-25T16:13:00Z,6.17,6.17,6.17,6.17,23,XNAS.ITCH,ohlcv-1m
CRMD,2022-03-25T16:15:00Z,6.17,6.17,6.14,6.14,736,XNAS.ITCH,ohlcv-1m
CRMD,2022-03-25T16:17:00Z,6.13,6.13,6.13,6.13,3,XNAS.ITCH,ohlcv-1m
CRMD,2022-03-25T16:20:00Z,6.15,6.15,6.15,6.15,209,XNAS.ITCH,ohlcv-1m
CRMD,2022-03-25T16:23:00Z,6.16,6.16,6.16,6.16,175,XNAS.ITCH,ohlcv-1m
CRMD,2022-03-25T16:24:00Z,6.15,6.15,6.15,6.15,400,XNAS.ITCH,ohlcv-1m
CRMD,2022-03-25T16:25:00Z,6.12,6.12,6.12,6.12,11,XNAS.ITCH,ohlcv-1m
CRMD,2022-03-25T16:27:00Z,6.13,6.13,6.13,6.13,100,XNAS.ITCH,ohlcv-1m
CRMD,2022-03-25T16:28:00Z,6.12,6.12,6.12,6.12,7,XNAS.ITCH,ohlcv-1m
CRMD,2022-03-25T16:33:00Z,6.1,6.1,6.1,6.1,101,XNAS.ITCH,ohlcv-1m
CRMD,2022-03-25T16:34:00Z,6.09,6.09,6.09,6.09,17,XNAS.ITCH,ohlcv-1m
CRMD,2022-03-25T16:37:00Z,6.09,6.09,6.09,6.09,200,XNAS.ITCH,ohlcv-1m
CRMD,2022-03-25T16:46:00Z,6.09,6.1,6.09,6.1,562,XNAS.ITCH,ohlcv-1m
CRMD,2022-03-25T16:51:00Z,6.12,6.12,6.1,6.1,376,XNAS.ITCH,ohlcv-1m
CRMD,2022-03-25T16:52:00Z,6.09,6.09,6.09,6.09,100,XNAS.ITCH,ohlcv-1m
CRMD,2022-03-25T16:53:00Z,6.08,6.08,6.08,6.08,11,XNAS.ITCH,ohlcv-1m
CRMD,2022-03-25T17:05:00Z,6.08,6.08,6.08,6.08,2,XNAS.ITCH,ohlcv-1m
CRMD,2022-03-25T17:09:00Z,6.08,6.08,6.08,6.08,190,XNAS.ITCH,ohlcv-1m
CRMD,2022-03-25T17:10:00Z,6.08,6.09,6.08,6.09,383,XNAS.ITCH,ohlcv-1m
CRMD,2022-03-25T17:16:00Z,6.09,6.09,6.08,6.08,200,XNAS.ITCH,ohlcv-1m
CRMD,2022-03-25T17:22:00Z,6.08,6.08,6.07,6.07,220,XNAS.ITCH,ohlcv-1m
CRMD,2022-03-25T17:23:00Z,6.06,6.06,6.02,6.02,591,XNAS.ITCH,ohlcv-1m
CRMD,2022-03-25T17:27:00Z,6.01,6.01,6.01,6.01,200,XNAS.ITCH,ohlcv-1m
CRMD,2022-03-25T17:32:00Z,6.02,6.02,6.02,6.02,128,XNAS.ITCH,ohlcv-1m
CRMD,2022-03-25T17:33:00Z,6.03,6.03,6.03,6.03,205,XNAS.ITCH,ohlcv-1m
CRMD,2022-03-25T17:34:00Z,6.04,6.05,6.04,6.05,119,XNAS.ITCH,ohlcv-1m
CRMD,2022-03-25T17:35:00Z,6.06,6.07,6.06,6.07,108,XNAS.ITCH,ohlcv-1m
CRMD,2022-03-25T17:37:00Z,6.07,6.08,6.07,6.08,118,XNAS.ITCH,ohlcv-1m
CRMD,2022-03-25T17:39:00Z,6.08,6.08,6.07,6.07,109,XNAS.ITCH,ohlcv-1m
CRMD,2022-03-25T17:49:00Z,6.08,6.08,6.08,6.08,108,XNAS.ITCH,ohlcv-1m
CRMD,2022-03-25T17:54:00Z,6.08,6.09,6.08,6.09,636,XNAS.ITCH,ohlcv-1m
CRMD,2022-03-25T17:55:00Z,6.11,6.11,6.11,6.11,446,XNAS.ITCH,ohlcv-1m
CRMD,2022-03-25T18:03:00Z,6.14,6.14,6.1,6.1,1167,XNAS.ITCH,ohlcv-1m
CRMD,2022-03-25T18:04:00Z,6.1,6.1,6.1,6.1,100,XNAS.ITCH,ohlcv-1m
CRMD,2022-03-25T18:08:00Z,6.09,6.09,6.09,6.09,63,XNAS.ITCH,ohlcv-1m
CRMD,2022-03-25T18:10:00Z,6.1,6.1,6.1,6.1,253,XNAS.ITCH,ohlcv-1m
CRMD,2022-03-25T18:11:00Z,6.11,6.11,6.11,6.11,141,XNAS.ITCH,ohlcv-1m
CRMD,2022-03-25T18:17:00Z,6.12,6.14,6.12,6.12,482,XNAS.ITCH,ohlcv-1m
CRMD,2022-03-25T18:20:00Z,6.16,6.16,6.16,6.16,215,XNAS.ITCH,ohlcv-1m
CRMD,2022-03-25T18:21:00Z,6.16,6.16,6.16,6.16,100,XNAS.ITCH,ohlcv-1m
CRMD,2022-03-25T18:23:00Z,6.16,6.16,6.15,6.16,374,XNAS.ITCH,ohlcv-1m
CRMD,2022-03-25T18:26:00Z,6.14,6.14,6.14,6.14,491,XNAS.ITCH,ohlcv-1m
CRMD,2022-03-25T18:40:00Z,6.12,6.12,6.12,6.12,100,XNAS.ITCH,ohlcv-1m
CRMD,2022-03-25T18:41:00Z,6.12,6.12,6.11,6.11,500,XNAS.ITCH,ohlcv-1m
CRMD,2022-03-25T18:53:00Z,6.1,6.1,6.1,6.1,1,XNAS.ITCH,ohlcv-1m
CRMD,2022-03-25T18:56:00Z,6.09,6.09,6.075,6.075,828,XNAS.ITCH,ohlcv-1m
CRMD,2022-03-25T19:00:00Z,6.07,6.08,6.07,6.07,327,XNAS.ITCH,ohlcv-1m
CRMD,2022-03-25T19:07:00Z,6.05,6.05,6.025,6.03,811,XNAS.ITCH,ohlcv-1m
CRMD,2022-03-25T19:11:00Z,6.05,6.05,6.05,6.05,200,XNAS.ITCH,ohlcv-1m
CRMD,2022-03-25T19:13:00Z,6.055,6.055,6.055,6.055,100,XNAS.ITCH,ohlcv-1m
CRMD,2022-03-25T19:15:00Z,6.07,6.07,6.06,6.07,1239,XNAS.ITCH,ohlcv-1m
CRMD,2022-03-25T19:16:00Z,6.09,6.13,6.09,6.13,1160,XNAS.ITCH,ohlcv-1m
CRMD,2022-03-25T19:18:00Z,6.14,6.14,6.14,6.14,185,XNAS.ITCH,ohlcv-1m
CRMD,2022-03-25T19:20:00Z,6.13,6.13,6.11,6.12,581,XNAS.ITCH,ohlcv-1m
CRMD,2022-03-25T19:21:00Z,6.13,6.15,6.125,6.15,1914,XNAS.ITCH,ohlcv-1m
CRMD,2022-03-25T19:24:00Z,6.17,6.17,6.17,6.17,1,XNAS.ITCH,ohlcv-1m
CRMD,2022-03-25T19:26:00Z,6.14,6.14,6.13,6.13,281,XNAS.ITCH,ohlcv-1m
CRMD,2022-03-25T19:27:00Z,6.11,6.11,6.11,6.11,325,XNAS.ITCH,ohlcv-1m
CRMD,2022-03-25T19:33:00Z,6.11,6.11,6.1,6.1,237,XNAS.ITCH,ohlcv-1m
CRMD,2022-03-25T19:37:00Z,6.09,6.09,6.03,6.09,3344,XNAS.ITCH,ohlcv-1m
CRMD,2022-03-25T19:38:00Z,6.08,6.08,6.03,6.04,1799,XNAS.ITCH,ohlcv-1m
CRMD,2022-03-25T19:39:00Z,6.07,6.07,6.07,6.07,103,XNAS.ITCH,ohlcv-1m
CRMD,2022-03-25T19:41:00Z,6.09,6.09,6.09,6.09,100,XNAS.ITCH,ohlcv-1m
CRMD,2022-03-25T19:42:00Z,6.11,6.11,6.11,6.11,727,XNAS.ITCH,ohlcv-1m
CRMD,2022-03-25T19:44:00Z,6.11,6.11,6.1,6.1,801,XNAS.ITCH,ohlcv-1m
CRMD,2022-03-25T19:47:00Z,6.11,6.12,6.11,6.12,722,XNAS.ITCH,ohlcv-1m
CRMD,2022-03-25T19:50:00Z,6.12,6.12,6.09,6.09,506,XNAS.ITCH,ohlcv-1m
CRMD,2022-03-25T19:52:00Z,6.09,6.09,6.09,6.09,10,XNAS.ITCH,ohlcv-1m
CRMD,2022-03-25T19:53:00Z,6.09,6.09,6.09,6.09,60,XNAS.ITCH,ohlcv-1m
CRMD,2022-03-25T19:54:00Z,6.08,6.08,6.08,6.08,2,XNAS.ITCH,ohlcv-1m
CRMD,2022-03-25T19:55:00Z,6.09,6.09,6.09,6.09,100,XNAS.ITCH,ohlcv-1m
CRMD,2022-03-25T19:56:00Z,6.09,6.09,6.09,6.09,100,XNAS.ITCH,ohlcv-1m
CRMD,2022-03-25T19:57:00Z,6.1,6.1,6.1,6.1,39,XNAS.ITCH,ohlcv-1m
CRMD,2022-03-25T19:58:00Z,6.09,6.09,6.09,6.09,268,XNAS.ITCH,ohlcv-1m
CRMD,2022-03-25T19:59:00Z,6.09,6.1,6.06,6.06,4262,XNAS.ITCH,ohlcv-1m
CRMD,2022-03-25T20:00:00Z,6.06,6.06,6.06,6.06,12908,XNAS.ITCH,ohlcv-1m
CRMD,2022-03-25T20:06:00Z,6.04,6.04,6.04,6.04,20,XNAS.ITCH,ohlcv-1m
CRMD,2022-03-25T21:19:00Z,6.04,6.04,6.04,6.04,40,XNAS.ITCH,ohlcv-1m
CRMD,2022-03-28T12:30:00Z,6.55,6.55,6.55,6.55,200,XNAS.ITCH,ohlcv-1m
CRMD,2022-03-28T12:33:00Z,6.58,6.59,6.58,6.59,1000,XNAS.ITCH,ohlcv-1m
CRMD,2022-03-28T12:34:00Z,6.28,6.28,6.28,6.28,74,XNAS.ITCH,ohlcv-1m
CRMD,2022-03-28T12:59:00Z,6.49,6.49,6.49,6.49,100,XNAS.ITCH,ohlcv-1m
CRMD,2022-03-28T13:20:00Z,6.22,6.22,6.22,6.22,309,XNAS.ITCH,ohlcv-1m
CRMD,2022-03-28T13:30:00Z,6.11,6.13,6.11,6.11,7293,XNAS.ITCH,ohlcv-1m
CRMD,2022-03-28T13:31:00Z,6.06,6.06,6.04,6.04,1400,XNAS.ITCH,ohlcv-1m
CRMD,2022-03-28T13:32:00Z,6.1,6.1,6.1,6.1,1500,XNAS.ITCH,ohlcv-1m
CRMD,2022-03-28T13:33:00Z,6.09,6.1,6.06,6.1,280,XNAS.ITCH,ohlcv-1m
CRMD,2022-03-28T13:34:00Z,6.11,6.18,6.1,6.14,745,XNAS.ITCH,ohlcv-1m
CRMD,2022-03-28T13:35:00Z,6.18,6.22,6.16,6.19,1404,XNAS.ITCH,ohlcv-1m
CRMD,2022-03-28T13:36:00Z,6.19,6.19,6.19,6.19,100,XNAS.ITCH,ohlcv-1m
CRMD,2022-03-28T13:39:00Z,6.19,6.19,6.15,6.15,2925,XNAS.ITCH,ohlcv-1m
CRMD,2022-03-28T13:40:00Z,6.19,6.19,6.17,6.19,588,XNAS.ITCH,ohlcv-1m
CRMD,2022-03-28T13:42:00Z,6.24,6.28,6.24,6.28,1150,XNAS.ITCH,ohlcv-1m
CRMD,2022-03-28T13:43:00Z,6.24,6.24,6.24,6.24,110,XNAS.ITCH,ohlcv-1m
CRMD,2022-03-28T13:44:00Z,6.23,6.23,6.22,6.23,351,XNAS.ITCH,ohlcv-1m
CRMD,2022-03-28T13:45:00Z,6.24,6.26,6.24,6.26,52,XNAS.ITCH,ohlcv-1m
CRMD,2022-03-28T13:46:00Z,6.27,6.27,6.27,6.27,5,XNAS.ITCH,ohlcv-1m
CRMD,2022-03-28T13:47:00Z,6.27,6.27,6.21,6.21,415,XNAS.ITCH,ohlcv-1m
CRMD,2022-03-28T13:49:00Z,6.25,6.25,6.25,6.25,55,XNAS.ITCH,ohlcv-1m
CRMD,2022-03-28T13:51:00Z,6.21,6.21,6.18,6.18,259,XNAS.ITCH,ohlcv-1m
CRMD,2022-03-28T13:52:00Z,6.18,6.18,6.18,6.18,255,XNAS.ITCH,ohlcv-1m
CRMD,2022-03-28T13:54:00Z,6.175,6.27,6.175,6.27,2337,XNAS.ITCH,ohlcv-1m
CRMD,2022-03-28T13:55:00Z,6.24,6.32,6.21,6.3,2958,XNAS.ITCH,ohlcv-1m
CRMD,2022-03-28T13:56:00Z,6.31,6.33,6.31,6.33,1703,XNAS.ITCH,ohlcv-1m
CRMD,2022-03-28T13:57:00Z,6.33,6.39,6.33,6.39,498,XNAS.ITCH,ohlcv-1m
CRMD,2022-03-28T14:00:00Z,6.36,6.36,6.36,6.36,206,XNAS.ITCH,ohlcv-1m
CRMD,2022-03-28T14:02:00Z,6.31,6.31,6.31,6.31,102,XNAS.ITCH,ohlcv-1m
CRMD,2022-03-28T14:05:00Z,6.23,6.23,6.23,6.23,2,XNAS.ITCH,ohlcv-1m
CRMD,2022-03-28T14:06:00Z,6.255,6.255,6.24,6.24,289,XNAS.ITCH,ohlcv-1m
CRMD,2022-03-28T14:07:00Z,6.23,6.23,6.23,6.23,356,XNAS.ITCH,ohlcv-1m
CRMD,2022-03-28T14:09:00Z,6.21,6.21,6.18,6.2,706,XNAS.ITCH,ohlcv-1m
CRMD,2022-03-28T14:10:00Z,6.18,6.18,6.18,6.18,1099,XNAS.ITCH,ohlcv-1m
CRMD,2022-03-28T14:11:00Z,6.16,6.165,6.16,6.165,347,XNAS.ITCH,ohlcv-1m
CRMD,2022-03-28T14:13:00Z,6.18,6.18,6.18,6.18,5,XNAS.ITCH,ohlcv-1m
CRMD,2022-03-28T14:14:00Z,6.15,6.15,6.13,6.13,167,XNAS.ITCH,ohlcv-1m
CRMD,2022-03-28T14:16:00Z,6.14,6.14,6.14,6.14,1,XNAS.ITCH,ohlcv-1m
CRMD,2022-03-28T14:17:00Z,6.15,6.16,6.15,6.16,105,XNAS.ITCH,ohlcv-1m
CRMD,2022-03-28T14:18:00Z,6.18,6.18,6.18,6.18,81,XNAS.ITCH,ohlcv-1m
CRMD,2022-03-28T14:19:00Z,6.15,6.15,6.03,6.03,2105,XNAS.ITCH,ohlcv-1m
CRMD,2022-03-28T14:20:00Z,6.07,6.07,6.07,6.07,100,XNAS.ITCH,ohlcv-1m
CRMD,2022-03-28T14:22:00Z,6.06,6.06,6.03,6.03,105,XNAS.ITCH,ohlcv-1m
CRMD,2022-03-28T14:23:00Z,6.02,6.02,6.02,6.02,193,XNAS.ITCH,ohlcv-1m
CRMD,2022-03-28T14:25:00Z,6.02,6.02,6.01,6.01,305,XNAS.ITCH,ohlcv-1m
CRMD,2022-03-28T14:26:00Z,6.0,6.0,5.95,5.95,1050,XNAS.ITCH,ohlcv-1m
CRMD,2022-03-28T14:27:00Z,5.945,5.97,5.945,5.97,146,XNAS.ITCH,ohlcv-1m
CRMD,2022-03-28T14:28:00Z,5.96,5.96,5.93,5.93,922,XNAS.ITCH,ohlcv-1m
CRMD,2022-03-28T14:29:00Z,5.92,5.92,5.91,5.92,1455,XNAS.ITCH,ohlcv-1m
CRMD,2022-03-28T14:30:00Z,5.92,5.92,5.92,5.92,2780,XNAS.ITCH,ohlcv-1m
CRMD,2022-03-28T14:36:00Z,5.93,5.93,5.93,5.93,431,XNAS.ITCH,ohlcv-1m
CRMD,2022-03-28T14:37:00Z,5.92,5.92,5.89,5.89,315,XNAS.ITCH,ohlcv-1m
CRMD,2022-03-28T14:38:00Z,5.88,5.88,5.85,5.85,375,XNAS.ITCH,ohlcv-1m
CRMD,2022-03-28T14:39:00Z,5.83,5.83,5.82,5.82,315,XNAS.ITCH,ohlcv-1m
CRMD,2022-03-28T14:40:00Z,5.85,5.85,5.85,5.85,104,XNAS.ITCH,ohlcv-1m
CRMD,2022-03-28T14:41:00Z,5.83,5.83,5.82,5.82,405,XNAS.ITCH,ohlcv-1m
CRMD,2022-03-28T14:42:00Z,5.78,5.78,5.78,5.78,5,XNAS.ITCH,ohlcv-1m
CRMD,2022-03-28T14:44:00Z,5.79,5.8,5.79,5.79,250,XNAS.ITCH,ohlcv-1m
CRMD,2022-03-28T14:45:00Z,5.79,5.79,5.77,5.77,603,XNAS.ITCH,ohlcv-1m
CRMD,2022-03-28T14:46:00Z,5.79,5.79,5.78,5.78,308,XNAS.ITCH,ohlcv-1m
CRMD,2022-03-28T14:47:00Z,5.79,5.79,5.79,5.79,100,XNAS.ITCH,ohlcv-1m
CRMD,2022-03-28T14:48:00Z,5.77,5.77,5.77,5.77,106,XNAS.ITCH,ohlcv-1m
CRMD,2022-03-28T14:49:00Z,5.77,5.77,5.77,5.77,301,XNAS.ITCH,ohlcv-1m
CRMD,2022-03-28T14:50:00Z,5.76,5.76,5.75,5.75,305,XNAS.ITCH,ohlcv-1m
CRMD,2022-03-28T14:51:00Z,5.7,5.7,5.7,5.7,295,XNAS.ITCH,ohlcv-1m
CRMD,2022-03-28T14:52:00Z,5.7,5.76,5.7,5.76,769,XNAS.ITCH,ohlcv-1m
CRMD,2022-03-28T14:53:00Z,5.73,5.73,5.67,5.67,1119,XNAS.ITCH,ohlcv-1m
CRMD,2022-03-28T14:54:00Z,5.67,5.72,5.63,5.66,4103,XNAS.ITCH,ohlcv-1m
CRMD,2022-03-28T14:55:00Z,5.67,5.67,5.67,5.67,4,XNAS.ITCH,ohlcv-1m
CRMD,2022-03-28T14:56:00Z,5.64,5.65,5.64,5.65,104,XNAS.ITCH,ohlcv-1m
CRMD,2022-03-28T14:57:00Z,5.66,5.69,5.66,5.69,156,XNAS.ITCH,ohlcv-1m
CRMD,2022-03-28T14:59:00Z,5.67,5.67,5.67,5.67,60,XNAS.ITCH,ohlcv-1m
CRMD,2022-03-28T15:00:00Z,5.68,5.68,5.68,5.68,101,XNAS.ITCH,ohlcv-1m
CRMD,2022-03-28T15:01:00Z,5.67,5.68,5.63,5.63,1571,XNAS.ITCH,ohlcv-1m
CRMD,2022-03-28T15:02:00Z,5.63,5.63,5.62,5.62,300,XNAS.ITCH,ohlcv-1m
CRMD,2022-03-28T15:04:00Z,5.65,5.65,5.65,5.65,200,XNAS.ITCH,ohlcv-1m
CRMD,2022-03-28T15:05:00Z,5.68,5.69,5.68,5.69,103,XNAS.ITCH,ohlcv-1m
CRMD,2022-03-28T15:06:00Z,5.7,5.7,5.7,5.7,42,XNAS.ITCH,ohlcv-1m
CRMD,2022-03-28T15:07:00Z,5.73,5.73,5.72,5.72,108,XNAS.ITCH,ohlcv-1m
CRMD,2022-03-28T15:08:00Z,5.74,5.74,5.74,5.74,100,XNAS.ITCH,ohlcv-1m
CRMD,2022-03-28T15:10:00Z,5.76,5.76,5.76,5.76,103,XNAS.ITCH,ohlcv-1m
CRMD,2022-03-28T15:11:00Z,5.74,5.74,5.73,5.73,180,XNAS.ITCH,ohlcv-1m
CRMD,2022-03-28T15:12:00Z,5.74,5.74,5.74,5.74,3,XNAS.ITCH,ohlcv-1m
CRMD,2022-03-28T15:13:00Z,5.74,5.74,5.74,5.74,300,XNAS.ITCH,ohlcv-1m
CRMD,2022-03-28T15:18:00Z,5.72,5.72,5.72,5.72,4,XNAS.ITCH,ohlcv-1m
CRMD,2022-03-28T15:20:00Z,5.71,5.72,5.71,5.71,163,XNAS.ITCH,ohlcv-1m
CRMD,2022-03-28T15:21:00Z,5.72,5.72,5.72,5.72,64,XNAS.ITCH,ohlcv-1m
CRMD,2022-03-28T15:22:00Z,5.72,5.72,5.72,5.72,100,XNAS.ITCH,ohlcv-1m
CRMD,2022-03-28T15:23:00Z,5.7,5.7,5.69,5.69,300,XNAS.ITCH,ohlcv-1m
CRMD,2022-03-28T15:24:00Z,5.67,5.67,5.66,5.66,406,XNAS.ITCH,ohlcv-1m
CRMD,2022-03-28T15:26:00Z,5.65,5.65,5.64,5.64,550,XNAS.ITCH,ohlcv-1m
CRMD,2022-03-28T15:30:00Z,5.65,5.65,5.65,5.65,104,XNAS.ITCH,ohlcv-1m
CRMD,2022-03-28T15:32:00Z,5.62,5.62,5.62,5.62,30,XNAS.ITCH,ohlcv-1m
CRMD,2022-03-28T15:33:00Z,5.62,5.62,5.59,5.59,506,XNAS.ITCH,ohlcv-1m
CRMD,2022-03-28T15:34:00Z,5.56,5.56,5.56,5.56,55,XNAS.ITCH,ohlcv-1m
CRMD,2022-03-28T15:35:00Z,5.51,5.51,5.51,5.51,1,XNAS.ITCH,ohlcv-1m
CRMD,2022-03-28T15:36:00Z,5.52,5.53,5.52,5.53,402,XNAS.ITCH,ohlcv-1m
CRMD,2022-03-28T15:37:00Z,5.52,5.52,5.52,5.52,5,XNAS.ITCH,ohlcv-1m
CRMD,2022-03-28T15:38:00Z,5.52,5.52,5.52,5.52,570,XNAS.ITCH,ohlcv-1m
CRMD,2022-03-28T15:39:00Z,5.54,5.54,5.54,5.54,100,XNAS.ITCH,ohlcv-1m
CRMD,2022-03-28T15:41:00Z,5.55,5.56,5.55,5.56,134,XNAS.ITCH,ohlcv-1m
CRMD,2022-03-28T15:42:00Z,5.56,5.58,5.56,5.58,411,XNAS.ITCH,ohlcv-1m
CRMD,2022-03-28T15:49:00Z,5.58,5.58,5.57,5.57,364,XNAS.ITCH,ohlcv-1m
CRMD,2022-03-28T15:50:00Z,5.56,5.56,5.55,5.55,9,XNAS.ITCH,ohlcv-1m
CRMD,2022-03-28T15:51:00Z,5.54,5.54,5.53,5.53,110,XNAS.ITCH,ohlcv-1m
CRMD,2022-03-28T15:52:00Z,5.5,5.5,5.5,5.5,18,XNAS.ITCH,ohlcv-1m
CRMD,2022-03-28T15:54:00Z,5.52,5.52,5.52,5.52,25,XNAS.ITCH,ohlcv-1m
CRMD,2022-03-28T15:55:00Z,5.5,5.5,5.5,5.5,1,XNAS.ITCH,ohlcv-1m
CRMD,2022-03-28T15:56:00Z,5.51,5.51,5.51,5.51,100,XNAS.ITCH,ohlcv-1m
CRMD,2022-03-28T15:58:00Z,5.5,5.5,5.48,5.48,110,XNAS.ITCH,ohlcv-1m
CRMD,2022-03-28T16:01:00Z,5.44,5.44,5.44,5.44,4,XNAS.ITCH,ohlcv-1m
CRMD,2022-03-28T16:02:00Z,5.45,5.46,5.45,5.46,144,XNAS.ITCH,ohlcv-1m
CRMD,2022-03-28T16:03:00Z,5.48,5.48,5.48,5.48,1900,XNAS.ITCH,ohlcv-1m
CRMD,2022-03-28T16:07:00Z,5.51,5.53,5.51,5.53,144,XNAS.ITCH,ohlcv-1m
CRMD,2022-03-28T16:12:00Z,5.51,5.51,5.51,5.51,100,XNAS.ITCH,ohlcv-1m
CRMD,2022-03-28T16:14:00Z,5.48,5.48,5.48,5.48,100,XNAS.ITCH,ohlcv-1m
CRMD,2022-03-28T16:15:00Z,5.46,5.46,5.46,5.46,1,XNAS.ITCH,ohlcv-1m
CRMD,2022-03-28T16:17:00Z,5.47,5.47,5.47,5.47,3,XNAS.ITCH,ohlcv-1m
CRMD,2022-03-28T16:18:00Z,5.48,5.48,5.48,5.48,49,XNAS.ITCH,ohlcv-1m
CRMD,2022-03-28T16:19:00Z,5.47,5.47,5.47,5.47,1,XNAS.ITCH,ohlcv-1m
CRMD,2022-03-28T16:21:00Z,5.48,5.48,5.48,5.48,3,XNAS.ITCH,ohlcv-1m
CRMD,2022-03-28T16:22:00Z,5.485,5.5,5.485,5.5,137,XNAS.ITCH,ohlcv-1m
CRMD,2022-03-28T16:23:00Z,5.51,5.52,5.51,5.52,322,XNAS.ITCH,ohlcv-1m
CRMD,2022-03-28T16:25:00Z,5.53,5.53,5.53,5.53,9,XNAS.ITCH,ohlcv-1m
CRMD,2022-03-28T16:29:00Z,5.54,5.54,5.54,5.54,203,XNAS.ITCH,ohlcv-1m
CRMD,2022-03-28T16:30:00Z,5.57,5.57,5.57,5.57,100,XNAS.ITCH,ohlcv-1m
CRMD,2022-03-28T16:32:00Z,5.54,5.54,5.54,5.54,5,XNAS.ITCH,ohlcv-1m
CRMD,2022-03-28T16:33:00Z,5.51,5.51,5.51,5.51,2,XNAS.ITCH,ohlcv-1m
CRMD,2022-03-28T16:35:00Z,5.525,5.525,5.525,5.525,42,XNAS.ITCH,ohlcv-1m
CRMD,2022-03-28T16:37:00Z,5.52,5.55,5.52,5.55,399,XNAS.ITCH,ohlcv-1m
CRMD,2022-03-28T16:38:00Z,5.55,5.55,5.55,5.55,112,XNAS.ITCH,ohlcv-1m
CRMD,2022-03-28T16:39:00Z,5.56,5.56,5.56,5.56,14,XNAS.ITCH,ohlcv-1m
CRMD,2022-03-28T16:40:00Z,5.57,5.57,5.57,5.57,112,XNAS.ITCH,ohlcv-1m
CRMD,2022-03-28T16:41:00Z,5.57,5.57,5.565,5.565,188,XNAS.ITCH,ohlcv-1m
CRMD,2022-03-28T16:43:00Z,5.555,5.56,5.55,5.55,874,XNAS.ITCH,ohlcv-1m
CRMD,2022-03-28T16:44:00Z,5.55,5.59,5.55,5.59,1026,XNAS.ITCH,ohlcv-1m
CRMD,2022-03-28T16:45:00Z,5.62,5.63,5.62,5.63,411,XNAS.ITCH,ohlcv-1m
CRMD,2022-03-28T16:46:00Z,5.65,5.65,5.65,5.65,71,XNAS.ITCH,ohlcv-1m
CRMD,2022-03-28T16:48:00Z,5.63,5.63,5.63,5.63,100,XNAS.ITCH,ohlcv-1m
CRMD,2022-03-28T16:50:00Z,5.625,5.625,5.625,5.625,200,XNAS.ITCH,ohlcv-1m
CRMD,2022-03-28T16:51:00Z,5.62,5.62,5.62,5.62,3,XNAS.ITCH,ohlcv-1m
CRMD,2022-03-28T16:53:00Z,5.64,5.66,5.64,5.66,405,XNAS.ITCH,ohlcv-1m
CRMD,2022-03-28T16:55:00Z,5.65,5.65,5.65,5.65,3,XNAS.ITCH,ohlcv-1m
CRMD,2022-03-28T16:56:00Z,5.67,5.71,5.67,5.69,1255,XNAS.ITCH,ohlcv-1m
CRMD,2022-03-28T16:57:00Z,5.69,5.69,5.67,5.67,500,XNAS.ITCH,ohlcv-1m
CRMD,2022-03-28T16:59:00Z,5.655,5.67,5.63,5.64,400,XNAS.ITCH,ohlcv-1m
CRMD,2022-03-28T17:03:00Z,5.62,5.62,5.62,5.62,3,XNAS.ITCH,ohlcv-1m
CRMD,2022-03-28T17:04:00Z,5.62,5.62,5.62,5.62,1,XNAS.ITCH,ohlcv-1m
CRMD,2022-03-28T17:05:00Z,5.62,5.62,5.62,5.62,3,XNAS.ITCH,ohlcv-1m
CRMD,2022-03-28T17:09:00Z,5.62,5.62,5.62,5.62,403,XNAS.ITCH,ohlcv-1m
CRMD,2022-03-28T17:13:00Z,5.62,5.62,5.62,5.62,3,XNAS.ITCH,ohlcv-1m
CRMD,2022-03-28T17:15:00Z,5.625,5.625,5.625,5.625,100,XNAS.ITCH,ohlcv-1m
CRMD,2022-03-28T17:16:00Z,5.64,5.64,5.64,5.64,119,XNAS.ITCH,ohlcv-1m
CRMD,2022-03-28T17:17:00Z,5.64,5.64,5.64,5.64,3,XNAS.ITCH,ohlcv-1m
CRMD,2022-03-28T17:20:00Z,5.645,5.7,5.645,5.7,1369,XNAS.ITCH,ohlcv-1m
CRMD,2022-03-28T17:23:00Z,5.7,5.72,5.7,5.705,1458,XNAS.ITCH,ohlcv-1m
CRMD,2022-03-28T17:24:00Z,5.705,5.72,5.705,5.72,1443,XNAS.ITCH,ohlcv-1m
CRMD,2022-03-28T17:28:00Z,5.71,5.71,5.71,5.71,100,XNAS.ITCH,ohlcv-1m
CRMD,2022-03-28T17:29:00Z,5.68,5.68,5.675,5.675,240,XNAS.ITCH,ohlcv-1m
CRMD,2022-03-28T17:30:00Z,5.665,5.665,5.665,5.665,300,XNAS.ITCH,ohlcv-1m
CRMD,2022-03-28T17:31:00Z,5.66,5.66,5.65,5.65,193,XNAS.ITCH,ohlcv-1m
CRMD,2022-03-28T17:33:00Z,5.62,5.62,5.62,5.62,3,XNAS.ITCH,ohlcv-1m
CRMD,2022-03-28T17:37:00Z,5.64,5.64,5.62,5.62,50,XNAS.ITCH,ohlcv-1m
CRMD,2022-03-28T17:39:00Z,5.63,5.64,5.63,5.64,400,XNAS.ITCH,ohlcv-1m
CRMD,2022-03-28T17:40:00Z,5.64,5.64,5.64,5.64,1,XNAS.ITCH,ohlcv-1m
CRMD,2022-03-28T17:44:00Z,5.645,5.65,5.63,5.65,243,XNAS.ITCH,ohlcv-1m
CRMD,2022-03-28T17:45:00Z,5.64,5.64,5.635,5.635,102,XNAS.ITCH,ohlcv-1m
CRMD,2022-03-28T17:48:00Z,5.62,5.62,5.62,5.62,100,XNAS.ITCH,ohlcv-1m
CRMD,2022-03-28T17:49:00Z,5.615,5.615,5.615,5.615,2,XNAS.ITCH,ohlcv-1m
CRMD,2022-03-28T17:50:00Z,5.615,5.615,5.615,5.615,8,XNAS.ITCH,ohlcv-1m
CRMD,2022-03-28T17:51:00Z,5.615,5.62,5.615,5.62,324,XNAS.ITCH,ohlcv-1m
CRMD,2022-03-28T17:52:00Z,5.63,5.63,5.63,5.63,11,XNAS.ITCH,ohlcv-1m
CRMD,2022-03-28T17:54:00Z,5.62,5.62,5.62,5.62,161,XNAS.ITCH,ohlcv-1m
CRMD,2022-03-28T17:55:00Z,5.615,5.615,5.615,5.615,200,XNAS.ITCH,ohlcv-1m
CRMD,2022-03-28T17:56:00Z,5.62,5.62,5.62,5.62,97,XNAS.ITCH,ohlcv-1m
CRMD,2022-03-28T17:59:00Z,5.62,5.62,5.62,5.62,55,XNAS.ITCH,ohlcv-1m
CRMD,2022-03-28T18:07:00Z,5.58,5.58,5.56,5.56,59,XNAS.ITCH,ohlcv-1m
CRMD,2022-03-28T18:08:00Z,5.56,5.56,5.54,5.54,314,XNAS.ITCH,ohlcv-1m
CRMD,2022-03-28T18:09:00Z,5.55,5.55,5.55,5.55,4,XNAS.ITCH,ohlcv-1m
CRMD,2022-03-28T18:17:00Z,5.55,5.56,5.55,5.56,61,XNAS.ITCH,ohlcv-1m
CRMD,2022-03-28T18:18:00Z,5.57,5.57,5.57,5.57,492,XNAS.ITCH,ohlcv-1m
CRMD,2022-03-28T18:19:00Z,5.565,5.565,5.565,5.565,200,XNAS.ITCH,ohlcv-1m
CRMD,2022-03-28T18:21:00Z,5.565,5.59,5.565,5.59,372,XNAS.ITCH,ohlcv-1m
CRMD,2022-03-28T18:22:00Z,5.57,5.57,5.57,5.57,13,XNAS.ITCH,ohlcv-1m
CRMD,2022-03-28T18:23:00Z,5.57,5.57,5.57,5.57,4,XNAS.ITCH,ohlcv-1m
CRMD,2022-03-28T18:24:00Z,5.575,5.59,5.575,5.59,234,XNAS.ITCH,ohlcv-1m
CRMD,2022-03-28T18:27:00Z,5.6,5.6,5.59,5.59,400,XNAS.ITCH,ohlcv-1m
CRMD,2022-03-28T18:28:00Z,5.57,5.57,5.56,5.56,105,XNAS.ITCH,ohlcv-1m
CRMD,2022-03-28T18:29:00Z,5.56,5.56,5.56,5.56,4,XNAS.ITCH,ohlcv-1m
CRMD,2022-03-28T18:31:00Z,5.56,5.56,5.56,5.56,11,XNAS.ITCH,ohlcv-1m
CRMD,2022-03-28T18:33:00Z,5.565,5.58,5.565,5.58,834,XNAS.ITCH,ohlcv-1m
CRMD,2022-03-28T18:35:00Z,5.58,5.58,5.58,5.58,1094,XNAS.ITCH,ohlcv-1m
CRMD,2022-03-28T18:39:00Z,5.57,5.57,5.57,5.57,4,XNAS.ITCH,ohlcv-1m
CRMD,2022-03-28T18:41:00Z,5.57,5.57,5.57,5.57,3,XNAS.ITCH,ohlcv-1m
CRMD,2022-03-28T18:44:00Z,5.59,5.59,5.58,5.59,316,XNAS.ITCH,ohlcv-1m
CRMD,2022-03-28T18:49:00Z,5.59,5.59,5.59,5.59,1,XNAS.ITCH,ohlcv-1m
CRMD,2022-03-28T18:50:00Z,5.59,5.59,5.59,5.59,200,XNAS.ITCH,ohlcv-1m
CRMD,2022-03-28T18:54:00Z,5.59,5.59,5.59,5.59,10,XNAS.ITCH,ohlcv-1m
CRMD,2022-03-28T18:59:00Z,5.59,5.59,5.59,5.59,103,XNAS.ITCH,ohlcv-1m
CRMD,2022-03-28T19:03:00Z,5.59,5.59,5.59,5.59,196,XNAS.ITCH,ohlcv-1m
CRMD,2022-03-28T19:05:00Z,5.58,5.58,5.57,5.57,410,XNAS.ITCH,ohlcv-1m
CRMD,2022-03-28T19:06:00Z,5.565,5.57,5.55,5.57,922,XNAS.ITCH,ohlcv-1m
CRMD,2022-03-28T19:10:00Z,5.55,5.55,5.55,5.55,100,XNAS.ITCH,ohlcv-1m
CRMD,2022-03-28T19:11:00Z,5.55,5.55,5.52,5.52,609,XNAS.ITCH,ohlcv-1m
CRMD,2022-03-28T19:13:00Z,5.51,5.51,5.51,5.51,30,XNAS.ITCH,ohlcv-1m
CRMD,2022-03-28T19:20:00Z,5.505,5.51,5.505,5.51,318,XNAS.ITCH,ohlcv-1m
CRMD,2022-03-28T19:22:00Z,5.52,5.52,5.52,5.52,102,XNAS.ITCH,ohlcv-1m
CRMD,2022-03-28T19:29:00Z,5.52,5.52,5.52,5.52,100,XNAS.ITCH,ohlcv-1m
CRMD,2022-03-28T19:31:00Z,5.52,5.52,5.52,5.52,410,XNAS.ITCH,ohlcv-1m
CRMD,2022-03-28T19:35:00Z,5.52,5.53,5.52,5.53,1912,XNAS.ITCH,ohlcv-1m
CRMD,2022-03-28T19:38:00Z,5.53,5.53,5.53,5.53,200,XNAS.ITCH,ohlcv-1m
CRMD,2022-03-28T19:39:00Z,5.53,5.53,5.53,5.53,100,XNAS.ITCH,ohlcv-1m
CRMD,2022-03-28T19:40:00Z,5.53,5.53,5.53,5.53,100,XNAS.ITCH,ohlcv-1m
CRMD,2022-03-28T19:41:00Z,5.53,5.53,5.53,5.53,212,XNAS.ITCH,ohlcv-1m
CRMD,2022-03-28T19:42:00Z,5.53,5.53,5.53,5.53,257,XNAS.ITCH,ohlcv-1m
CRMD,2022-03-28T19:43:00Z,5.54,5.54,5.53,5.54,482,XNAS.ITCH,ohlcv-1m
CRMD,2022-03-28T19:44:00Z,5.54,5.54,5.535,5.535,200,XNAS.ITCH,ohlcv-1m
CRMD,2022-03-28T19:45:00Z,5.535,5.54,5.535,5.54,952,XNAS.ITCH,ohlcv-1m
CRMD,2022-03-28T19:46:00Z,5.55,5.555,5.55,5.555,236,XNAS.ITCH,ohlcv-1m
CRMD,2022-03-28T19:47:00Z,5.56,5.56,5.56,5.56,200,XNAS.ITCH,ohlcv-1m
CRMD,2022-03-28T19:48:00Z,5.56,5.59,5.56,5.59,2390,XNAS.ITCH,ohlcv-1m
CRMD,2022-03-28T19:49:00Z,5.59,5.59,5.59,5.59,200,XNAS.ITCH,ohlcv-1m
CRMD,2022-03-28T19:50:00Z,5.6,5.61,5.59,5.6,1222,XNAS.ITCH,ohlcv-1m
CRMD,2022-03-28T19:51:00Z,5.61,5.61,5.61,5.61,548,XNAS.ITCH,ohlcv-1m
CRMD,2022-03-28T19:53:00Z,5.61,5.63,5.61,5.625,1799,XNAS.ITCH,ohlcv-1m
CRMD,2022-03-28T19:54:00Z,5.625,5.63,5.625,5.63,2544,XNAS.ITCH,ohlcv-1m
CRMD,2022-03-28T19:55:00Z,5.635,5.635,5.63,5.63,1394,XNAS.ITCH,ohlcv-1m
CRMD,2022-03-28T19:56:00Z,5.635,5.64,5.635,5.64,593,XNAS.ITCH,ohlcv-1m
CRMD,2022-03-28T19:57:00Z,5.635,5.65,5.63,5.645,2522,XNAS.ITCH,ohlcv-1m
CRMD,2022-03-28T19:58:00Z,5.64,5.65,5.64,5.65,2598,XNAS.ITCH,ohlcv-1m
CRMD,2022-03-28T19:59:00Z,5.65,5.66,5.65,5.65,1012,XNAS.ITCH,ohlcv-1m
CRMD,2022-03-28T20:00:00Z,5.66,5.66,5.66,5.66,10783,XNAS.ITCH,ohlcv-1m
CRMD,2022-03-28T20:31:00Z,5.54,5.54,5.54,5.54,5,XNAS.ITCH,ohlcv-1m
CRMD,2022-03-28T20:41:00Z,5.5,5.5,5.5,5.5,55,XNAS.ITCH,ohlcv-1m
CRMD,2022-03-28T22:27:00Z,5.66,5.66,5.66,5.66,227,XNAS.ITCH,ohlcv-1m
CRMD,2022-03-28T23:38:00Z,5.78,5.78,5.78,5.78,1,XNAS.ITCH,ohlcv-1m
CRMD,2022-03-29T13:30:00Z,5.72,5.72,5.67,5.67,5293,XNAS.ITCH,ohlcv-1m
CRMD,2022-03-29T13:31:00Z,5.67,5.68,5.67,5.67,600,XNAS.ITCH,ohlcv-1m
CRMD,2022-03-29T13:32:00Z,5.67,5.67,5.66,5.66,2025,XNAS.ITCH,ohlcv-1m
CRMD,2022-03-29T13:33:00Z,5.6,5.6,5.59,5.6,180,XNAS.ITCH,ohlcv-1m
CRMD,2022-03-29T13:34:00Z,5.59,5.59,5.59,5.59,100,XNAS.ITCH,ohlcv-1m
CRMD,2022-03-29T13:35:00Z,5.6,5.6,5.56,5.56,582,XNAS.ITCH,ohlcv-1m
CRMD,2022-03-29T13:36:00Z,5.56,5.57,5.56,5.57,310,XNAS.ITCH,ohlcv-1m
CRMD,2022-03-29T13:37:00Z,5.57,5.57,5.54,5.54,351,XNAS.ITCH,ohlcv-1m
CRMD,2022-03-29T13:38:00Z,5.54,5.54,5.51,5.51,5507,XNAS.ITCH,ohlcv-1m
CRMD,2022-03-29T13:39:00Z,5.51,5.52,5.51,5.51,120,XNAS.ITCH,ohlcv-1m
CRMD,2022-03-29T13:40:00Z,5.53,5.54,5.53,5.53,274,XNAS.ITCH,ohlcv-1m
CRMD,2022-03-29T13:41:00Z,5.54,5.55,5.51,5.55,184,XNAS.ITCH,ohlcv-1m
CRMD,2022-03-29T13:42:00Z,5.52,5.52,5.51,5.51,6,XNAS.ITCH,ohlcv-1m
CRMD,2022-03-29T13:43:00Z,5.53,5.53,5.53,5.53,51,XNAS.ITCH,ohlcv-1m
CRMD,2022-03-29T13:44:00Z,5.54,5.56,5.54,5.56,515,XNAS.ITCH,ohlcv-1m
CRMD,2022-03-29T13:45:00Z,5.55,5.55,5.55,5.55,10,XNAS.ITCH,ohlcv-1m
CRMD,2022-03-29T13:47:00Z,5.53,5.53,5.53,5.53,10,XNAS.ITCH,ohlcv-1m
CRMD,2022-03-29T13:48:00Z,5.52,5.54,5.52,5.54,511,XNAS.ITCH,ohlcv-1m
CRMD,2022-03-29T13:49:00Z,5.545,5.545,5.54,5.54,130,XNAS.ITCH,ohlcv-1m
CRMD,2022-03-29T13:50:00Z,5.55,5.57,5.54,5.57,256,XNAS.ITCH,ohlcv-1m
CRMD,2022-03-29T13:52:00Z,5.62,5.62,5.62,5.62,109,XNAS.ITCH,ohlcv-1m
CRMD,2022-03-29T13:55:00Z,5.635,5.635,5.62,5.62,41,XNAS.ITCH,ohlcv-1m
CRMD,2022-03-29T13:57:00Z,5.63,5.63,5.63,5.63,17,XNAS.ITCH,ohlcv-1m
CRMD,2022-03-29T13:58:00Z,5.61,5.62,5.61,5.62,69,XNAS.ITCH,ohlcv-1m
CRMD,2022-03-29T13:59:00Z,5.61,5.61,5.605,5.605,76,XNAS.ITCH,ohlcv-1m
CRMD,2022-03-29T14:01:00Z,5.62,5.64,5.62,5.63,534,XNAS.ITCH,ohlcv-1m
CRMD,2022-03-29T14:06:00Z,5.58,5.58,5.58,5.58,8,XNAS.ITCH,ohlcv-1m
CRMD,2022-03-29T14:07:00Z,5.57,5.57,5.57,5.57,100,XNAS.ITCH,ohlcv-1m
CRMD,2022-03-29T14:08:00Z,5.56,5.58,5.55,5.58,214,XNAS.ITCH,ohlcv-1m
CRMD,2022-03-29T14:09:00Z,5.58,5.61,5.58,5.61,1366,XNAS.ITCH,ohlcv-1m
CRMD,2022-03-29T14:10:00Z,5.61,5.61,5.61,5.61,200,XNAS.ITCH,ohlcv-1m
CRMD,2022-03-29T14:12:00Z,5.59,5.62,5.59,5.62,110,XNAS.ITCH,ohlcv-1m
CRMD,2022-03-29T14:14:00Z,5.6,5.6,5.6,5.6,8,XNAS.ITCH,ohlcv-1m
CRMD,2022-03-29T14:16:00Z,5.6,5.63,5.6,5.63,109,XNAS.ITCH,ohlcv-1m
CRMD,2022-03-29T14:18:00Z,5.62,5.62,5.62,5.62,10,XNAS.ITCH,ohlcv-1m
CRMD,2022-03-29T14:22:00Z,5.625,5.625,5.625,5.625,50,XNAS.ITCH,ohlcv-1m
CRMD,2022-03-29T14:27:00Z,5.64,5.69,5.64,5.68,1300,XNAS.ITCH,ohlcv-1m
CRMD,2022-03-29T14:32:00Z,5.71,5.72,5.71,5.72,455,XNAS.ITCH,ohlcv-1m
CRMD,2022-03-29T14:36:00Z,5.73,5.74,5.72,5.72,409,XNAS.ITCH,ohlcv-1m
CRMD,2022-03-29T14:37:00Z,5.74,5.74,5.74,5.74,300,XNAS.ITCH,ohlcv-1m
CRMD,2022-03-29T14:38:00Z,5.74,5.74,5.74,5.74,420,XNAS.ITCH,ohlcv-1m
CRMD,2022-03-29T14:40:00Z,5.72,5.72,5.69,5.69,336,XNAS.ITCH,ohlcv-1m
CRMD,2022-03-29T14:43:00Z,5.7,5.71,5.7,5.71,764,XNAS.ITCH,ohlcv-1m
CRMD,2022-03-29T14:45:00Z,5.72,5.72,5.72,5.72,505,XNAS.ITCH,ohlcv-1m
CRMD,2022-03-29T14:48:00Z,5.73,5.74,5.73,5.74,508,XNAS.ITCH,ohlcv-1m
CRMD,2022-03-29T14:50:00Z,5.75,5.76,5.75,5.76,500,XNAS.ITCH,ohlcv-1m
CRMD,2022-03-29T14:52:00Z,5.76,5.76,5.76,5.76,125,XNAS.ITCH,ohlcv-1m
CRMD,2022-03-29T14:56:00Z,5.77,5.77,5.76,5.76,142,XNAS.ITCH,ohlcv-1m
CRMD,2022-03-29T14:57:00Z,5.75,5.76,5.75,5.76,106,XNAS.ITCH,ohlcv-1m
CRMD,2022-03-29T14:58:00Z,5.76,5.76,5.76,5.76,621,XNAS.ITCH,ohlcv-1m
CRMD,2022-03-29T15:00:00Z,5.77,5.77,5.77,5.77,157,XNAS.ITCH,ohlcv-1m
CRMD,2022-03-29T15:03:00Z,5.78,5.78,5.78,5.78,10,XNAS.ITCH,ohlcv-1m
CRMD,2022-03-29T15:06:00Z,5.79,5.83,5.79,5.83,1052,XNAS.ITCH,ohlcv-1m
CRMD,2022-03-29T15:07:00Z,5.85,5.86,5.85,5.86,181,XNAS.ITCH,ohlcv-1m
CRMD,2022-03-29T15:08:00Z,5.88,5.88,5.88,5.88,150,XNAS.ITCH,ohlcv-1m
CRMD,2022-03-29T15:09:00Z,5.87,5.87,5.85,5.85,225,XNAS.ITCH,ohlcv-1m
CRMD,2022-03-29T15:15:00Z,5.83,5.83,5.83,5.83,100,XNAS.ITCH,ohlcv-1m
CRMD,2022-03-29T15:20:00Z,5.83,5.83,5.83,5.83,556,XNAS.ITCH,ohlcv-1m
CRMD,2022-03-29T15:26:00Z,5.82,5.82,5.82,5.82,35,XNAS.ITCH,ohlcv-1m
CRMD,2022-03-29T15:30:00Z,5.82,5.82,5.82,5.82,185,XNAS.ITCH,ohlcv-1m
CRMD,2022-03-29T15:31:00Z,5.8,5.8,5.8,5.8,100,XNAS.ITCH,ohlcv-1m
CRMD,2022-03-29T15:32:00Z,5.8,5.8,5.8,5.8,100,XNAS.ITCH,ohlcv-1m
CRMD,2022-03-29T15:33:00Z,5.8,5.8,5.8,5.8,100,XNAS.ITCH,ohlcv-1m
CRMD,2022-03-29T15:34:00Z,5.8,5.8,5.8,5.8,15,XNAS.ITCH,ohlcv-1m
CRMD,2022-03-29T15:35:00Z,5.79,5.79,5.76,5.76,180,XNAS.ITCH,ohlcv-1m
CRMD,2022-03-29T15:38:00Z,5.77,5.78,5.77,5.78,437,XNAS.ITCH,ohlcv-1m
CRMD,2022-03-29T15:48:00Z,5.76,5.76,5.76,5.76,10,XNAS.ITCH,ohlcv-1m
CRMD,2022-03-29T15:51:00Z,5.765,5.765,5.76,5.76,102,XNAS.ITCH,ohlcv-1m
CRMD,2022-03-29T15:55:00Z,5.755,5.755,5.755,5.755,200,XNAS.ITCH,ohlcv-1m
CRMD,2022-03-29T16:00:00Z,5.75,5.75,5.72,5.72,518,XNAS.ITCH,ohlcv-1m
CRMD,2022-03-29T16:03:00Z,5.71,5.71,5.69,5.69,25,XNAS.ITCH,ohlcv-1m
CRMD,2022-03-29T16:04:00Z,5.685,5.69,5.685,5.69,287,XNAS.ITCH,ohlcv-1m
CRMD,2022-03-29T16:25:00Z,5.685,5.71,5.685,5.71,1573,XNAS.ITCH,ohlcv-1m
CRMD,2022-03-29T16:26:00Z,5.72,5.8,5.72,5.78,2818,XNAS.ITCH,ohlcv-1m
CRMD,2022-03-29T16:27:00Z,5.77,5.77,5.74,5.74,423,XNAS.ITCH,ohlcv-1m
CRMD,2022-03-29T16:28:00Z,5.76,5.77,5.76,5.77,200,XNAS.ITCH,ohlcv-1m
CRMD,2022-03-29T16:32:00Z,5.77,5.77,5.77,5.77,100,XNAS.ITCH,ohlcv-1m
CRMD,2022-03-29T16:34:00Z,5.76,5.76,5.76,5.76,100,XNAS.ITCH,ohlcv-1m
CRMD,2022-03-29T16:35:00Z,5.77,5.77,5.77,5.77,292,XNAS.ITCH,ohlcv-1m
CRMD,2022-03-29T16:36:00Z,5.78,5.79,5.78,5.79,500,XNAS.ITCH,ohlcv-1m
CRMD,2022-03-29T16:43:00Z,5.77,5.78,5.77,5.78,852,XNAS.ITCH,ohlcv-1m
CRMD,2022-03-29T16:46:00Z,5.77,5.77,5.77,5.77,10,XNAS.ITCH,ohlcv-1m
CRMD,2022-03-29T16:47:00Z,5.77,5.77,5.77,5.77,10,XNAS.ITCH,ohlcv-1m
CRMD,2022-03-29T16:48:00Z,5.78,5.78,5.78,5.78,2,XNAS.ITCH,ohlcv-1m
CRMD,2022-03-29T16:50:00Z,5.78,5.8,5.78,5.785,973,XNAS.ITCH,ohlcv-1m
CRMD,2022-03-29T16:56:00Z,5.78,5.78,5.77,5.77,410,XNAS.ITCH,ohlcv-1m
CRMD,2022-03-29T17:01:00Z,5.76,5.76,5.74,5.74,139,XNAS.ITCH,ohlcv-1m
CRMD,2022-03-29T17:05:00Z,5.725,5.74,5.725,5.74,133,XNAS.ITCH,ohlcv-1m
CRMD,2022-03-29T17:07:00Z,5.71,5.72,5.71,5.72,210,XNAS.ITCH,ohlcv-1m
CRMD,2022-03-29T17:08:00Z,5.74,5.74,5.74,5.74,200,XNAS.ITCH,ohlcv-1m
CRMD,2022-03-29T17:09:00Z,5.71,5.71,5.71,5.71,76,XNAS.ITCH,ohlcv-1m
CRMD,2022-03-29T17:11:00Z,5.72,5.72,5.72,5.72,65,XNAS.ITCH,ohlcv-1m
CRMD,2022-03-29T17:20:00Z,5.7,5.7,5.66,5.67,422,XNAS.ITCH,ohlcv-1m
CRMD,2022-03-29T17:22:00Z,5.66,5.66,5.65,5.65,218,XNAS.ITCH,ohlcv-1m
CRMD,2022-03-29T17:23:00Z,5.66,5.66,5.66,5.66,300,XNAS.ITCH,ohlcv-1m
CRMD,2022-03-29T17:26:00Z,5.655,5.67,5.655,5.67,1073,XNAS.ITCH,ohlcv-1m
CRMD,2022-03-29T17:32:00Z,5.67,5.67,5.67,5.67,100,XNAS.ITCH,ohlcv-1m
CRMD,2022-03-29T17:35:00Z,5.66,5.67,5.66,5.67,355,XNAS.ITCH,ohlcv-1m
CRMD,2022-03-29T17:36:00Z,5.66,5.66,5.66,5.66,9,XNAS.ITCH,ohlcv-1m
CRMD,2022-03-29T17:38:00Z,5.66,5.67,5.66,5.67,285,XNAS.ITCH,ohlcv-1m
CRMD,2022-03-29T17:42:00Z,5.66,5.66,5.66,5.66,223,XNAS.ITCH,ohlcv-1m
CRMD,2022-03-29T17:47:00Z,5.66,5.66,5.66,5.66,6,XNAS.ITCH,ohlcv-1m
CRMD,2022-03-29T17:49:00Z,5.66,5.66,5.66,5.66,328,XNAS.ITCH,ohlcv-1m
CRMD,2022-03-29T17:50:00Z,5.66,5.67,5.66,5.67,453,XNAS.ITCH,ohlcv-1m
CRMD,2022-03-29T17:54:00Z,5.66,5.67,5.66,5.67,202,XNAS.ITCH,ohlcv-1m
CRMD,2022-03-29T18:02:00Z,5.67,5.68,5.67,5.68,316,XNAS.ITCH,ohlcv-1m
CRMD,2022-03-29T18:09:00Z,5.68,5.68,5.67,5.67,105,XNAS.ITCH,ohlcv-1m
CRMD,2022-03-29T18:10:00Z,5.66,5.66,5.66,5.66,5,XNAS.ITCH,ohlcv-1m
CRMD,2022-03-29T18:14:00Z,5.655,5.655,5.655,5.655,20,XNAS.ITCH,ohlcv-1m
CRMD,2022-03-29T18:19:00Z,5.655,5.67,5.655,5.67,675,XNAS.ITCH,ohlcv-1m
CRMD,2022-03-29T18:20:00Z,5.68,5.68,5.68,5.68,300,XNAS.ITCH,ohlcv-1m
CRMD,2022-03-29T18:26:00Z,5.67,5.67,5.67,5.67,100,XNAS.ITCH,ohlcv-1m
CRMD,2022-03-29T18:29:00Z,5.67,5.67,5.67,5.67,70,XNAS.ITCH,ohlcv-1m
CRMD,2022-03-29T18:33:00Z,5.675,5.675,5.675,5.675,201,XNAS.ITCH,ohlcv-1m
CRMD,2022-03-29T18:37:00Z,5.655,5.655,5.655,5.655,109,XNAS.ITCH,ohlcv-1m
CRMD,2022-03-29T18:38:00Z,5.655,5.66,5.655,5.66,314,XNAS.ITCH,ohlcv-1m
CRMD,2022-03-29T18:46:00Z,5.65,5.65,5.65,5.65,300,XNAS.ITCH,ohlcv-1m
CRMD,2022-03-29T18:49:00Z,5.65,5.65,5.65,5.65,50,XNAS.ITCH,ohlcv-1m
CRMD,2022-03-29T18:57:00Z,5.65,5.65,5.65,5.65,5,XNAS.ITCH,ohlcv-1m
CRMD,2022-03-29T18:58:00Z,5.64,5.64,5.64,5.64,72,XNAS.ITCH,ohlcv-1m
CRMD,2022-03-29T18:59:00Z,5.64,5.64,5.64,5.64,106,XNAS.ITCH,ohlcv-1m
CRMD,2022-03-29T19:00:00Z,5.64,5.64,5.64,5.64,5,XNAS.ITCH,ohlcv-1m
CRMD,2022-03-29T19:01:00Z,5.63,5.63,5.595,5.6,779,XNAS.ITCH,ohlcv-1m
CRMD,2022-03-29T19:02:00Z,5.61,5.61,5.61,5.61,200,XNAS.ITCH,ohlcv-1m
CRMD,2022-03-29T19:03:00Z,5.61,5.61,5.61,5.61,100,XNAS.ITCH,ohlcv-1m
CRMD,2022-03-29T19:04:00Z,5.62,5.62,5.62,5.62,541,XNAS.ITCH,ohlcv-1m
CRMD,2022-03-29T19:07:00Z,5.62,5.62,5.62,5.62,300,XNAS.ITCH,ohlcv-1m
CRMD,2022-03-29T19:08:00Z,5.63,5.63,5.63,5.63,300,XNAS.ITCH,ohlcv-1m
CRMD,2022-03-29T19:17:00Z,5.64,5.64,5.64,5.64,127,XNAS.ITCH,ohlcv-1m
CRMD,2022-03-29T19:18:00Z,5.64,5.64,5.64,5.64,241,XNAS.ITCH,ohlcv-1m
CRMD,2022-03-29T19:21:00Z,5.645,5.645,5.645,5.645,19,XNAS.ITCH,ohlcv-1m
CRMD,2022-03-29T19:23:00Z,5.645,5.645,5.645,5.645,100,XNAS.ITCH,ohlcv-1m
CRMD,2022-03-29T19:25:00Z,5.64,5.64,5.64,5.64,40,XNAS.ITCH,ohlcv-1m
CRMD,2022-03-29T19:29:00Z,5.645,5.645,5.645,5.645,5,XNAS.ITCH,ohlcv-1m
CRMD,2022-03-29T19:30:00Z,5.65,5.655,5.65,5.655,1013,XNAS.ITCH,ohlcv-1m
CRMD,2022-03-29T19:31:00Z,5.66,5.66,5.66,5.66,205,XNAS.ITCH,ohlcv-1m
CRMD,2022-03-29T19:39:00Z,5.655,5.655,5.655,5.655,15,XNAS.ITCH,ohlcv-1m
CRMD,2022-03-29T19:40:00Z,5.65,5.65,5.64,5.64,710,XNAS.ITCH,ohlcv-1m
CRMD,2022-03-29T19:44:00Z,5.63,5.63,5.62,5.62,721,XNAS.ITCH,ohlcv-1m
CRMD,2022-03-29T19:45:00Z,5.615,5.62,5.615,5.62,1874,XNAS.ITCH,ohlcv-1m
CRMD,2022-03-29T19:46:00Z,5.615,5.62,5.615,5.62,1478,XNAS.ITCH,ohlcv-1m
CRMD,2022-03-29T19:49:00Z,5.61,5.61,5.61,5.61,907,XNAS.ITCH,ohlcv-1m
CRMD,2022-03-29T19:50:00Z,5.605,5.61,5.605,5.61,728,XNAS.ITCH,ohlcv-1m
CRMD,2022-03-29T19:54:00Z,5.6,5.605,5.6,5.605,304,XNAS.ITCH,ohlcv-1m
CRMD,2022-03-29T19:55:00Z,5.6,5.6,5.55,5.56,5081,XNAS.ITCH,ohlcv-1m
CRMD,2022-03-29T19:56:00Z,5.555,5.555,5.555,5.555,100,XNAS.ITCH,ohlcv-1m
CRMD,2022-03-29T19:57:00Z,5.555,5.555,5.55,5.55,201,XNAS.ITCH,ohlcv-1m
CRMD,2022-03-29T19:58:00Z,5.555,5.56,5.555,5.56,793,XNAS.ITCH,ohlcv-1m
CRMD,2022-03-29T19:59:00Z,5.56,5.56,5.52,5.52,4490,XNAS.ITCH,ohlcv-1m
CRMD,2022-03-29T20:00:00Z,5.54,5.54,5.54,5.54,13896,XNAS.ITCH,ohlcv-1m
CRMD,2022-03-29T21:54:00Z,5.74,5.74,5.74,5.74,250,XNAS.ITCH,ohlcv-1m
CRMD,2022-03-29T23:14:00Z,5.8,5.8,5.8,5.8,710,XNAS.ITCH,ohlcv-1m
CRMD,2022-03-30T12:55:00Z,5.8,5.8,5.8,5.8,20,XNAS.ITCH,ohlcv-1m
CRMD,2022-03-30T13:30:00Z,5.95,5.95,5.9,5.9,7406,XNAS.ITCH,ohlcv-1m
CRMD,2022-03-30T13:32:00Z,5.72,5.72,5.72,5.72,60,XNAS.ITCH,ohlcv-1m
CRMD,2022-03-30T13:33:00Z,5.7,5.7,5.64,5.64,13,XNAS.ITCH,ohlcv-1m
CRMD,2022-03-30T13:34:00Z,5.71,5.71,5.71,5.71,100,XNAS.ITCH,ohlcv-1m
CRMD,2022-03-30T13:35:00Z,5.71,5.71,5.71,5.71,93,XNAS.ITCH,ohlcv-1m
CRMD,2022-03-30T13:36:00Z,5.71,5.74,5.71,5.72,620,XNAS.ITCH,ohlcv-1m
CRMD,2022-03-30T13:40:00Z,5.64,5.66,5.63,5.66,2668,XNAS.ITCH,ohlcv-1m
CRMD,2022-03-30T13:41:00Z,5.7,5.71,5.7,5.71,1435,XNAS.ITCH,ohlcv-1m
CRMD,2022-03-30T13:42:00Z,5.71,5.73,5.7,5.7,1116,XNAS.ITCH,ohlcv-1m
CRMD,2022-03-30T13:43:00Z,5.77,5.82,5.77,5.82,1093,XNAS.ITCH,ohlcv-1m
CRMD,2022-03-30T13:44:00Z,5.85,5.86,5.85,5.86,194,XNAS.ITCH,ohlcv-1m
CRMD,2022-03-30T13:45:00Z,5.86,5.86,5.86,5.86,50,XNAS.ITCH,ohlcv-1m
CRMD,2022-03-30T13:47:00Z,5.88,5.88,5.88,5.88,72,XNAS.ITCH,ohlcv-1m
CRMD,2022-03-30T13:48:00Z,5.94,5.98,5.94,5.98,154,XNAS.ITCH,ohlcv-1m
CRMD,2022-03-30T13:49:00Z,6.0,6.0,6.0,6.0,11,XNAS.ITCH,ohlcv-1m
CRMD,2022-03-30T13:50:00Z,5.95,6.02,5.95,6.02,236,XNAS.ITCH,ohlcv-1m
CRMD,2022-03-30T13:52:00Z,5.99,5.99,5.99,5.99,5,XNAS.ITCH,ohlcv-1m
CRMD,2022-03-30T13:53:00Z,5.97,5.97,5.97,5.97,1,XNAS.ITCH,ohlcv-1m
CRMD,2022-03-30T13:54:00Z,5.99,5.99,5.83,5.83,2250,XNAS.ITCH,ohlcv-1m
CRMD,2022-03-30T13:55:00Z,5.84,5.84,5.84,5.84,24,XNAS.ITCH,ohlcv-1m
CRMD,2022-03-30T13:58:00Z,5.92,5.93,5.92,5.92,108,XNAS.ITCH,ohlcv-1m
CRMD,2022-03-30T13:59:00Z,5.94,5.94,5.94,5.94,186,XNAS.ITCH,ohlcv-1m
CRMD,2022-03-30T14:03:00Z,5.92,5.92,5.92,5.92,20,XNAS.ITCH,ohlcv-1m
CRMD,2022-03-30T14:04:00Z,5.95,5.95,5.95,5.95,100,XNAS.ITCH,ohlcv-1m
CRMD,2022-03-30T14:05:00Z,5.95,5.95,5.95,5.95,100,XNAS.ITCH,ohlcv-1m
CRMD,2022-03-30T14:07:00Z,5.91,5.91,5.91,5.91,1,XNAS.ITCH,ohlcv-1m
CRMD,2022-03-30T14:08:00Z,5.92,5.92,5.92,5.92,157,XNAS.ITCH,ohlcv-1m
CRMD,2022-03-30T14:09:00Z,5.95,5.95,5.95,5.95,5,XNAS.ITCH,ohlcv-1m
CRMD,2022-03-30T14:10:00Z,5.99,5.99,5.99,5.99,300,XNAS.ITCH,ohlcv-1m
CRMD,2022-03-30T14:11:00Z,5.99,5.99,5.99,5.99,608,XNAS.ITCH,ohlcv-1m
CRMD,2022-03-30T14:12:00Z,5.96,5.96,5.95,5.95,200,XNAS.ITCH,ohlcv-1m
CRMD,2022-03-30T14:14:00Z,5.94,5.94,5.91,5.91,8,XNAS.ITCH,ohlcv-1m
CRMD,2022-03-30T14:16:00Z,5.91,5.91,5.91,5.91,5,XNAS.ITCH,ohlcv-1m
CRMD,2022-03-30T14:19:00Z,5.97,5.97,5.97,5.97,100,XNAS.ITCH,ohlcv-1m
CRMD,2022-03-30T14:22:00Z,5.97,5.99,5.97,5.99,613,XNAS.ITCH,ohlcv-1m
CRMD,2022-03-30T14:24:00Z,5.97,5.99,5.97,5.99,120,XNAS.ITCH,ohlcv-1m
CRMD,2022-03-30T14:25:00Z,5.99,6.09,5.99,6.09,2300,XNAS.ITCH,ohlcv-1m
CRMD,2022-03-30T14:27:00Z,6.13,6.13,6.13,6.13,100,XNAS.ITCH,ohlcv-1m
CRMD,2022-03-30T14:28:00Z,6.13,6.13,6.1,6.1,156,XNAS.ITCH,ohlcv-1m
CRMD,2022-03-30T14:29:00Z,6.04,6.04,6.04,6.04,20,XNAS.ITCH,ohlcv-1m
CRMD,2022-03-30T14:31:00Z,6.02,6.02,6.02,6.02,1,XNAS.ITCH,ohlcv-1m
CRMD,2022-03-30T14:32:00Z,6.06,6.07,6.06,6.07,111,XNAS.ITCH,ohlcv-1m
CRMD,2022-03-30T14:34:00Z,6.08,6.08,6.08,6.08,8,XNAS.ITCH,ohlcv-1m
CRMD,2022-03-30T14:35:00Z,6.08,6.1,6.08,6.08,48,XNAS.ITCH,ohlcv-1m
CRMD,2022-03-30T14:37:00Z,6.09,6.1,6.07,6.07,1856,XNAS.ITCH,ohlcv-1m
CRMD,2022-03-30T14:39:00Z,6.1,6.1,6.1,6.1,167,XNAS.ITCH,ohlcv-1m
CRMD,2022-03-30T14:41:00Z,6.12,6.12,6.1,6.1,306,XNAS.ITCH,ohlcv-1m
CRMD,2022-03-30T14:42:00Z,6.08,6.1,5.91,5.91,4688,XNAS.ITCH,ohlcv-1m
CRMD,2022-03-30T14:44:00Z,6.04,6.09,6.04,6.09,1188,XNAS.ITCH,ohlcv-1m
CRMD,2022-03-30T14:47:00Z,6.02,6.05,6.02,6.05,12,XNAS.ITCH,ohlcv-1m
CRMD,2022-03-30T14:48:00Z,6.03,6.03,6.01,6.01,1213,XNAS.ITCH,ohlcv-1m
CRMD,2022-03-30T14:50:00Z,5.985,6.02,5.985,6.02,956,XNAS.ITCH,ohlcv-1m
CRMD,2022-03-30T14:51:00Z,6.01,6.01,6.0,6.0,100,XNAS.ITCH,ohlcv-1m
CRMD,2022-03-30T14:52:00Z,6.01,6.02,6.01,6.02,300,XNAS.ITCH,ohlcv-1m
CRMD,2022-03-30T14:53:00Z,6.02,6.02,5.995,5.995,104,XNAS.ITCH,ohlcv-1m
CRMD,2022-03-30T14:55:00Z,5.97,5.97,5.97,5.97,100,XNAS.ITCH,ohlcv-1m
CRMD,2022-03-30T14:59:00Z,5.97,5.97,5.96,5.96,1513,XNAS.ITCH,ohlcv-1m
CRMD,2022-03-30T15:00:00Z,5.96,5.96,5.935,5.935,1417,XNAS.ITCH,ohlcv-1m
CRMD,2022-03-30T15:01:00Z,5.94,5.96,5.94,5.96,600,XNAS.ITCH,ohlcv-1m
CRMD,2022-03-30T15:02:00Z,5.97,5.98,5.97,5.98,85,XNAS.ITCH,ohlcv-1m
CRMD,2022-03-30T15:05:00Z,5.98,5.98,5.98,5.98,11,XNAS.ITCH,ohlcv-1m
CRMD,2022-03-30T15:06:00Z,5.96,5.96,5.96,5.96,70,XNAS.ITCH,ohlcv-1m
CRMD,2022-03-30T15:09:00Z,5.95,5.95,5.94,5.95,287,XNAS.ITCH,ohlcv-1m
CRMD,2022-03-30T15:14:00Z,5.91,5.91,5.9,5.9,136,XNAS.ITCH,ohlcv-1m
CRMD,2022-03-30T15:16:00Z,5.96,6.02,5.96,6.02,1056,XNAS.ITCH,ohlcv-1m
CRMD,2022-03-30T15:17:00Z,6.01,6.01,6.01,6.01,11,XNAS.ITCH,ohlcv-1m
CRMD,2022-03-30T15:19:00Z,5.97,5.98,5.97,5.97,116,XNAS.ITCH,ohlcv-1m
CRMD,2022-03-30T15:20:00Z,6.0,6.02,6.0,6.02,732,XNAS.ITCH,ohlcv-1m
CRMD,2022-03-30T15:22:00Z,6.02,6.02,6.02,6.02,209,XNAS.ITCH,ohlcv-1m
CRMD,2022-03-30T15:23:00Z,6.01,6.01,6.01,6.01,484,XNAS.ITCH,ohlcv-1m
CRMD,2022-03-30T15:24:00Z,6.01,6.01,6.01,6.01,247,XNAS.ITCH,ohlcv-1m
CRMD,2022-03-30T15:26:00Z,6.01,6.01,6.01,6.01,100,XNAS.ITCH,ohlcv-1m
CRMD,2022-03-30T15:28:00Z,6.01,6.01,6.01,6.01,6,XNAS.ITCH,ohlcv-1m
CRMD,2022-03-30T15:31:00Z,6.02,6.02,6.02,6.02,204,XNAS.ITCH,ohlcv-1m
CRMD,2022-03-30T15:32:00Z,6.02,6.02,6.02,6.02,67,XNAS.ITCH,ohlcv-1m
CRMD,2022-03-30T15:33:00Z,6.02,6.04,6.02,6.04,1182,XNAS.ITCH,ohlcv-1m
CRMD,2022-03-30T15:36:00Z,6.08,6.08,6.02,6.02,1529,XNAS.ITCH,ohlcv-1m
CRMD,2022-03-30T15:37:00Z,6.02,6.03,6.02,6.03,14,XNAS.ITCH,ohlcv-1m
CRMD,2022-03-30T15:41:00Z,5.99,6.03,5.99,6.03,141,XNAS.ITCH,ohlcv-1m
CRMD,2022-03-30T15:42:00Z,6.03,6.03,6.03,6.03,223,XNAS.ITCH,ohlcv-1m
CRMD,2022-03-30T15:43:00Z,6.02,6.03,6.02,6.03,91,XNAS.ITCH,ohlcv-1m
CRMD,2022-03-30T15:47:00Z,6.02,6.11,6.02,6.1,3712,XNAS.ITCH,ohlcv-1m
CRMD,2022-03-30T15:48:00Z,6.13,6.17,6.13,6.17,1021,XNAS.ITCH,ohlcv-1m
CRMD,2022-03-30T15:49:00Z,6.2,6.29,6.2,6.27,5191,XNAS.ITCH,ohlcv-1m
CRMD,2022-03-30T15:50:00Z,6.26,6.29,6.25,6.29,529,XNAS.ITCH,ohlcv-1m
CRMD,2022-03-30T15:51:00Z,6.31,6.31,6.3,6.3,128,XNAS.ITCH,ohlcv-1m
CRMD,2022-03-30T15:52:00Z,6.32,6.37,6.26,6.26,2809,XNAS.ITCH,ohlcv-1m
CRMD,2022-03-30T15:53:00Z,6.25,6.25,6.24,6.24,2314,XNAS.ITCH,ohlcv-1m
CRMD,2022-03-30T15:54:00Z,6.27,6.27,6.27,6.27,1,XNAS.ITCH,ohlcv-1m
CRMD,2022-03-30T15:56:00Z,6.25,6.25,6.24,6.24,493,XNAS.ITCH,ohlcv-1m
CRMD,2022-03-30T15:57:00Z,6.25,6.25,6.25,6.25,300,XNAS.ITCH,ohlcv-1m
CRMD,2022-03-30T15:58:00Z,6.22,6.22,6.21,6.21,500,XNAS.ITCH,ohlcv-1m
CRMD,2022-03-30T15:59:00Z,6.22,6.22,6.22,6.22,259,XNAS.ITCH,ohlcv-1m
CRMD,2022-03-30T16:01:00Z,6.18,6.18,6.18,6.18,5,XNAS.ITCH,ohlcv-1m
CRMD,2022-03-30T16:02:00Z,6.18,6.18,6.15,6.15,810,XNAS.ITCH,ohlcv-1m
CRMD,2022-03-30T16:05:00Z,6.17,6.19,6.17,6.19,309,XNAS.ITCH,ohlcv-1m
CRMD,2022-03-30T16:06:00Z,6.185,6.185,6.16,6.165,824,XNAS.ITCH,ohlcv-1m
CRMD,2022-03-30T16:07:00Z,6.18,6.21,6.17,6.17,333,XNAS.ITCH,ohlcv-1m
CRMD,2022-03-30T16:09:00Z,6.14,6.14,6.14,6.14,206,XNAS.ITCH,ohlcv-1m
CRMD,2022-03-30T16:14:00Z,6.18,6.18,6.18,6.18,1,XNAS.ITCH,ohlcv-1m
CRMD,2022-03-30T16:16:00Z,6.19,6.2,6.19,6.2,202,XNAS.ITCH,ohlcv-1m
CRMD,2022-03-30T16:18:00Z,6.2,6.2,6.2,6.2,105,XNAS.ITCH,ohlcv-1m
CRMD,2022-03-30T16:20:00Z,6.2,6.2,6.19,6.19,200,XNAS.ITCH,ohlcv-1m
CRMD,2022-03-30T16:22:00Z,6.16,6.16,6.16,6.16,7,XNAS.ITCH,ohlcv-1m
CRMD,2022-03-30T16:26:00Z,6.14,6.14,6.14,6.14,6,XNAS.ITCH,ohlcv-1m
CRMD,2022-03-30T16:27:00Z,6.14,6.14,6.14,6.14,4,XNAS.ITCH,ohlcv-1m
CRMD,2022-03-30T16:28:00Z,6.18,6.19,6.18,6.19,611,XNAS.ITCH,ohlcv-1m
CRMD,2022-03-30T16:32:00Z,6.2,6.2,6.17,6.17,204,XNAS.ITCH,ohlcv-1m
CRMD,2022-03-30T16:34:00Z,6.18,6.2,6.18,6.2,405,XNAS.ITCH,ohlcv-1m
CRMD,2022-03-30T16:35:00Z,6.24,6.24,6.22,6.22,480,XNAS.ITCH,ohlcv-1m
CRMD,2022-03-30T16:38:00Z,6.2,6.2,6.15,6.15,4554,XNAS.ITCH,ohlcv-1m
CRMD,2022-03-30T16:39:00Z,6.14,6.16,6.14,6.16,400,XNAS.ITCH,ohlcv-1m
CRMD,2022-03-30T16:41:00Z,6.12,6.12,6.12,6.12,100,XNAS.ITCH,ohlcv-1m
CRMD,2022-03-30T16:49:00Z,6.1,6.14,6.1,6.14,920,XNAS.ITCH,ohlcv-1m
CRMD,2022-03-30T16:51:00Z,6.13,6.13,6.13,6.13,300,XNAS.ITCH,ohlcv-1m
CRMD,2022-03-30T16:52:00Z,6.12,6.12,6.12,6.12,3,XNAS.ITCH,ohlcv-1m
CRMD,2022-03-30T16:54:00Z,6.12,6.12,6.12,6.12,700,XNAS.ITCH,ohlcv-1m
CRMD,2022-03-30T16:55:00Z,6.13,6.15,6.13,6.15,600,XNAS.ITCH,ohlcv-1m
CRMD,2022-03-30T16:56:00Z,6.16,6.17,6.16,6.17,14,XNAS.ITCH,ohlcv-1m
CRMD,2022-03-30T16:57:00Z,6.2,6.215,6.17,6.17,807,XNAS.ITCH,ohlcv-1m
CRMD,2022-03-30T16:58:00Z,6.2,6.21,6.19,6.19,1404,XNAS.ITCH,ohlcv-1m
CRMD,2022-03-30T17:00:00Z,6.22,6.22,6.22,6.22,207,XNAS.ITCH,ohlcv-1m
CRMD,2022-03-30T17:05:00Z,6.2,6.2,6.18,6.18,404,XNAS.ITCH,ohlcv-1m
CRMD,2022-03-30T17:06:00Z,6.17,6.17,6.17,6.17,5,XNAS.ITCH,ohlcv-1m
CRMD,2022-03-30T17:10:00Z,6.21,6.225,6.21,6.225,736,XNAS.ITCH,ohlcv-1m
CRMD,2022-03-30T17:13:00Z,6.215,6.215,6.21,6.21,82,XNAS.ITCH,ohlcv-1m
CRMD,2022-03-30T17:15:00Z,6.2,6.2,6.2,6.2,100,XNAS.ITCH,ohlcv-1m
CRMD,2022-03-30T17:16:00Z,6.19,6.19,6.19,6.19,100,XNAS.ITCH,ohlcv-1m
CRMD,2022-03-30T17:22:00Z,6.15,6.15,6.13,6.13,300,XNAS.ITCH,ohlcv-1m
CRMD,2022-03-30T17:23:00Z,6.11,6.11,6.11,6.11,3,XNAS.ITCH,ohlcv-1m
CRMD,2022-03-30T17:27:00Z,6.1,6.1,6.1,6.1,4,XNAS.ITCH,ohlcv-1m
CRMD,2022-03-30T17:28:00Z,6.1,6.1,6.095,6.095,296,XNAS.ITCH,ohlcv-1m
CRMD,2022-03-30T17:29:00Z,6.11,6.11,6.11,6.11,3,XNAS.ITCH,ohlcv-1m
CRMD,2022-03-30T17:33:00Z,6.09,6.09,6.09,6.09,510,XNAS.ITCH,ohlcv-1m
CRMD,2022-03-30T17:36:00Z,6.07,6.07,6.04,6.04,2225,XNAS.ITCH,ohlcv-1m
CRMD,2022-03-30T17:39:00Z,6.04,6.04,6.04,6.04,100,XNAS.ITCH,ohlcv-1m
CRMD,2022-03-30T17:40:00Z,6.05,6.07,6.05,6.07,500,XNAS.ITCH,ohlcv-1m
CRMD,2022-03-30T17:43:00Z,6.06,6.06,6.01,6.06,1359,XNAS.ITCH,ohlcv-1m
CRMD,2022-03-30T17:47:00Z,6.06,6.07,6.06,6.07,587,XNAS.ITCH,ohlcv-1m
CRMD,2022-03-30T17:53:00Z,6.1,6.11,6.1,6.11,119,XNAS.ITCH,ohlcv-1m
CRMD,2022-03-30T17:54:00Z,6.09,6.09,5.99,5.99,1809,XNAS.ITCH,ohlcv-1m
CRMD,2022-03-30T17:55:00Z,6.015,6.015,6.01,6.01,573,XNAS.ITCH,ohlcv-1m
CRMD,2022-03-30T17:58:00Z,6.0,6.0,5.96,5.96,1974,XNAS.ITCH,ohlcv-1m
CRMD,2022-03-30T18:01:00Z,5.95,5.95,5.95,5.95,500,XNAS.ITCH,ohlcv-1m
CRMD,2022-03-30T18:02:00Z,5.92,5.92,5.92,5.92,200,XNAS.ITCH,ohlcv-1m
CRMD,2022-03-30T18:03:00Z,5.93,5.95,5.93,5.95,504,XNAS.ITCH,ohlcv-1m
CRMD,2022-03-30T18:04:00Z,5.98,5.98,5.98,5.98,103,XNAS.ITCH,ohlcv-1m
CRMD,2022-03-30T18:06:00Z,5.99,6.0,5.99,6.0,305,XNAS.ITCH,ohlcv-1m
CRMD,2022-03-30T18:08:00Z,6.01,6.01,6.01,6.01,5,XNAS.ITCH,ohlcv-1m
CRMD,2022-03-30T18:11:00Z,6.01,6.01,6.01,6.01,200,XNAS.ITCH,ohlcv-1m
CRMD,2022-03-30T18:13:00Z,6.0,6.0,5.95,5.95,15,XNAS.ITCH,ohlcv-1m
CRMD,2022-03-30T18:16:00Z,5.98,5.99,5.98,5.99,487,XNAS.ITCH,ohlcv-1m
CRMD,2022-03-30T18:21:00Z,5.97,5.97,5.97,5.97,5,XNAS.ITCH,ohlcv-1m
CRMD,2022-03-30T18:23:00Z,5.97,5.97,5.97,5.97,3,XNAS.ITCH,ohlcv-1m
CRMD,2022-03-30T18:24:00Z,5.97,5.97,5.96,5.96,397,XNAS.ITCH,ohlcv-1m
CRMD,2022-03-30T18:25:00Z,5.96,5.96,5.95,5.95,269,XNAS.ITCH,ohlcv-1m
CRMD,2022-03-30T18:26:00Z,5.94,5.94,5.94,5.94,390,XNAS.ITCH,ohlcv-1m
CRMD,2022-03-30T18:27:00Z,5.945,5.945,5.94,5.94,105,XNAS.ITCH,ohlcv-1m
CRMD,2022-03-30T18:29:00Z,5.945,5.945,5.945,5.945,33,XNAS.ITCH,ohlcv-1m
CRMD,2022-03-30T18:31:00Z,5.945,5.97,5.945,5.97,1093,XNAS.ITCH,ohlcv-1m
CRMD,2022-03-30T18:32:00Z,5.97,5.97,5.97,5.97,320,XNAS.ITCH,ohlcv-1m
CRMD,2022-03-30T18:33:00Z,5.97,5.98,5.97,5.98,110,XNAS.ITCH,ohlcv-1m
CRMD,2022-03-30T18:37:00Z,5.97,5.97,5.95,5.95,670,XNAS.ITCH,ohlcv-1m
CRMD,2022-03-30T18:38:00Z,5.95,5.95,5.95,5.95,109,XNAS.ITCH,ohlcv-1m
CRMD,2022-03-30T18:39:00Z,5.94,5.94,5.94,5.94,6,XNAS.ITCH,ohlcv-1m
CRMD,2022-03-30T18:42:00Z,5.94,5.94,5.94,5.94,975,XNAS.ITCH,ohlcv-1m
CRMD,2022-03-30T18:44:00Z,5.94,5.94,5.94,5.94,14,XNAS.ITCH,ohlcv-1m
CRMD,2022-03-30T18:48:00Z,5.94,5.95,5.94,5.95,16,XNAS.ITCH,ohlcv-1m
CRMD,2022-03-30T18:50:00Z,5.95,5.95,5.92,5.92,1163,XNAS.ITCH,ohlcv-1m
CRMD,2022-03-30T18:51:00Z,5.91,5.91,5.91,5.91,1373,XNAS.ITCH,ohlcv-1m
CRMD,2022-03-30T18:52:00Z,5.89,5.89,5.89,5.89,124,XNAS.ITCH,ohlcv-1m
CRMD,2022-03-30T18:53:00Z,5.89,5.89,5.89,5.89,272,XNAS.ITCH,ohlcv-1m
CRMD,2022-03-30T18:54:00Z,5.89,5.89,5.89,5.89,278,XNAS.ITCH,ohlcv-1m
CRMD,2022-03-30T18:55:00Z,5.9,5.91,5.9,5.91,306,XNAS.ITCH,ohlcv-1m
CRMD,2022-03-30T18:56:00Z,5.91,5.91,5.91,5.91,304,XNAS.ITCH,ohlcv-1m
CRMD,2022-03-30T18:57:00Z,5.92,5.92,5.92,5.92,476,XNAS.ITCH,ohlcv-1m
CRMD,2022-03-30T19:00:00Z,5.92,5.92,5.92,5.92,216,XNAS.ITCH,ohlcv-1m
CRMD,2022-03-30T19:01:00Z,5.92,5.92,5.92,5.92,37,XNAS.ITCH,ohlcv-1m
CRMD,2022-03-30T19:02:00Z,5.92,5.92,5.92,5.92,50,XNAS.ITCH,ohlcv-1m
CRMD,2022-03-30T19:03:00Z,5.93,5.94,5.93,5.94,1011,XNAS.ITCH,ohlcv-1m
CRMD,2022-03-30T19:04:00Z,5.94,5.94,5.93,5.93,120,XNAS.ITCH,ohlcv-1m
CRMD,2022-03-30T19:08:00Z,5.94,5.94,5.93,5.93,400,XNAS.ITCH,ohlcv-1m
CRMD,2022-03-30T19:09:00Z,5.91,5.92,5.9,5.92,210,XNAS.ITCH,ohlcv-1m
CRMD,2022-03-30T19:10:00Z,5.905,5.905,5.905,5.905,70,XNAS.ITCH,ohlcv-1m
CRMD,2022-03-30T19:13:00Z,5.92,5.945,5.92,5.945,1183,XNAS.ITCH,ohlcv-1m
CRMD,2022-03-30T19:14:00Z,5.96,5.96,5.85,5.85,3778,XNAS.ITCH,ohlcv-1m
CRMD,2022-03-30T19:15:00Z,5.85,5.85,5.85,5.85,10,XNAS.ITCH,ohlcv-1m
CRMD,2022-03-30T19:16:00Z,5.84,5.84,5.84,5.84,310,XNAS.ITCH,ohlcv-1m
CRMD,2022-03-30T19:17:00Z,5.84,5.84,5.795,5.8,1282,XNAS.ITCH,ohlcv-1m
CRMD,2022-03-30T19:18:00Z,5.8,5.8,5.795,5.795,207,XNAS.ITCH,ohlcv-1m
CRMD,2022-03-30T19:20:00Z,5.81,5.83,5.8,5.83,1093,XNAS.ITCH,ohlcv-1m
CRMD,2022-03-30T19:21:00Z,5.835,5.84,5.83,5.84,301,XNAS.ITCH,ohlcv-1m
CRMD,2022-03-30T19:23:00Z,5.83,5.83,5.81,5.81,3303,XNAS.ITCH,ohlcv-1m
CRMD,2022-03-30T19:24:00Z,5.815,5.815,5.79,5.8,249,XNAS.ITCH,ohlcv-1m
CRMD,2022-03-30T19:25:00Z,5.805,5.805,5.8,5.8,76,XNAS.ITCH,ohlcv-1m
CRMD,2022-03-30T19:27:00Z,5.79,5.8,5.79,5.8,854,XNAS.ITCH,ohlcv-1m
CRMD,2022-03-30T19:28:00Z,5.79,5.83,5.79,5.83,984,XNAS.ITCH,ohlcv-1m
CRMD,2022-03-30T19:31:00Z,5.84,5.97,5.84,5.9,4703,XNAS.ITCH,ohlcv-1m
CRMD,2022-03-30T19:32:00Z,5.88,5.88,5.88,5.88,8,XNAS.ITCH,ohlcv-1m
CRMD,2022-03-30T19:33:00Z,5.9,5.9,5.89,5.89,342,XNAS.ITCH,ohlcv-1m
CRMD,2022-03-30T19:35:00Z,5.87,5.87,5.87,5.87,79,XNAS.ITCH,ohlcv-1m
CRMD,2022-03-30T19:37:00Z,5.87,5.87,5.87,5.87,300,XNAS.ITCH,ohlcv-1m
CRMD,2022-03-30T19:38:00Z,5.86,5.87,5.86,5.86,759,XNAS.ITCH,ohlcv-1m
CRMD,2022-03-30T19:39:00Z,5.835,5.84,5.835,5.84,200,XNAS.ITCH,ohlcv-1m
CRMD,2022-03-30T19:40:00Z,5.82,5.82,5.81,5.81,220,XNAS.ITCH,ohlcv-1m
CRMD,2022-03-30T19:41:00Z,5.8,5.8,5.8,5.8,131,XNAS.ITCH,ohlcv-1m
CRMD,2022-03-30T19:42:00Z,5.805,5.82,5.805,5.82,1187,XNAS.ITCH,ohlcv-1m
CRMD,2022-03-30T19:43:00Z,5.815,5.84,5.815,5.84,885,XNAS.ITCH,ohlcv-1m
CRMD,2022-03-30T19:44:00Z,5.83,5.83,5.83,5.83,1,XNAS.ITCH,ohlcv-1m
CRMD,2022-03-30T19:45:00Z,5.85,5.855,5.84,5.84,847,XNAS.ITCH,ohlcv-1m
CRMD,2022-03-30T19:46:00Z,5.86,5.86,5.85,5.85,745,XNAS.ITCH,ohlcv-1m
CRMD,2022-03-30T19:47:00Z,5.85,5.85,5.85,5.85,30,XNAS.ITCH,ohlcv-1m
CRMD,2022-03-30T19:48:00Z,5.85,5.86,5.85,5.85,538,XNAS.ITCH,ohlcv-1m
CRMD,2022-03-30T19:49:00Z,5.855,5.855,5.85,5.85,820,XNAS.ITCH,ohlcv-1m
CRMD,2022-03-30T19:50:00Z,5.85,5.855,5.82,5.83,1339,XNAS.ITCH,ohlcv-1m
CRMD,2022-03-30T19:51:00Z,5.84,5.84,5.82,5.82,516,XNAS.ITCH,ohlcv-1m
CRMD,2022-03-30T19:52:00Z,5.83,5.85,5.83,5.85,1307,XNAS.ITCH,ohlcv-1m
CRMD,2022-03-30T19:53:00Z,5.84,5.84,5.82,5.825,602,XNAS.ITCH,ohlcv-1m
CRMD,2022-03-30T19:54:00Z,5.81,5.82,5.81,5.81,640,XNAS.ITCH,ohlcv-1m
CRMD,2022-03-30T19:55:00Z,5.83,5.85,5.83,5.83,1985,XNAS.ITCH,ohlcv-1m
CRMD,2022-03-30T19:56:00Z,5.83,5.84,5.82,5.84,821,XNAS.ITCH,ohlcv-1m
CRMD,2022-03-30T19:57:00Z,5.84,5.85,5.84,5.84,173,XNAS.ITCH,ohlcv-1m
CRMD,2022-03-30T19:58:00Z,5.84,5.85,5.84,5.85,1467,XNAS.ITCH,ohlcv-1m
CRMD,2022-03-30T19:59:00Z,5.85,5.87,5.85,5.85,3032,XNAS.ITCH,ohlcv-1m
