event_id,path,sha256
DPE-001,DRY_RUN_TEMPLATE_NO_RAW_RESPONSE,DRY_RUN_TEMPLATE_NO_HASH
DPE-002,DRY_RUN_TEMPLATE_NO_RAW_RESPONSE,DRY_RUN_TEMPLATE_NO_HASH
DPE-003,DRY_RUN_TEMPLATE_NO_RAW_RESPONSE,DRY_RUN_TEMPLATE_NO_HASH
DPE-004,DRY_RUN_TEMPLATE_NO_RAW_RESPONSE,DRY_RUN_TEMPLATE_NO_HASH
DPE-005,DRY_RUN_TEMPLATE_NO_RAW_RESPONSE,DRY_RUN_TEMPLATE_NO_HASH
DPE-006,RAW_RESPONSE_RETENTION_NOT_ENABLED,ba863b0ddc450894c62f23ef84618873541246a1dc9ad19a1fae0f9fdceab437
DPE-007,DRY_RUN_TEMPLATE_NO_RAW_RESPONSE,DRY_RUN_TEMPLATE_NO_HASH
DPE-008,DRY_RUN_TEMPLATE_NO_RAW_RESPONSE,DRY_RUN_TEMPLATE_NO_HASH
DPE-009,DRY_RUN_TEMPLATE_NO_RAW_RESPONSE,DRY_RUN_TEMPLATE_NO_HASH
DPE-010,DRY_RUN_TEMPLATE_NO_RAW_RESPONSE,DRY_RUN_TEMPLATE_NO_HASH
