fold,period,target_exit_config,feature_set,model_type,probability_variant,signal_quality_config,signal_rank_column,market_exposure_config,symbol_selection_config,selected_symbols,selected_symbol_count,train_end,validation_start,validation_end,test_start,test_end,threshold,selected_for_test,strategy_return,buy_and_hold_return,excess_return,max_drawdown,sharpe,profit_factor,win_rate,beats_buy_and_hold,total_signals_before_rank,rank_filtered_signals,total_signals,executable_signals,avg_risk_fraction_on_signals,strong_market_signals,symbols_with_signals,closed_trades
wf_2023,validation,default_1_5x_stop_3x_tp_10d,baseline,random_forest,raw,no_quality_rank_filter,,default_1pct,all_symbols,"AAPL,AMD,AMZN,GOOGL,META,MSFT,NVDA,QQQ,SPY,TSLA",10,2021-12-31,2022-01-01,2022-12-31,2023-01-01,2023-12-31,0.45,False,-0.011811555090836364,-0.44250347900204706,0.4306919239112107,-0.02889841520602754,-0.6117400998950475,0.6322409838635634,0.32689594356261026,True,138,0,138,130,0.009999999999999998,87,10,42
wf_2023,validation,default_1_5x_stop_3x_tp_10d,baseline,random_forest,raw,no_quality_rank_filter,,default_1pct,all_symbols,"AAPL,AMD,AMZN,GOOGL,META,MSFT,NVDA,QQQ,SPY,TSLA",10,2021-12-31,2022-01-01,2022-12-31,2023-01-01,2023-12-31,0.5,False,-0.010642801102463623,-0.44250347900204706,0.4318606778995834,-0.017133376524378695,-0.9594164999286037,0.14036166126932106,0.1875,True,43,0,43,38,0.010000000000000002,26,9,15
wf_2023,validation,default_1_5x_stop_3x_tp_10d,baseline,random_forest,raw,no_quality_rank_filter,,default_1pct,all_symbols,"AAPL,AMD,AMZN,GOOGL,META,MSFT,NVDA,QQQ,SPY,TSLA",10,2021-12-31,2022-01-01,2022-12-31,2023-01-01,2023-12-31,0.55,False,-0.005138573359835529,-0.44250347900204706,0.4373649056422114,-0.0063876061475842015,-0.9825853078047493,0.0,0.2,True,12,0,12,11,0.009999999999999998,10,5,6
wf_2023,validation,default_1_5x_stop_3x_tp_10d,baseline,random_forest,raw,no_quality_rank_filter,,default_1pct,all_symbols,"AAPL,AMD,AMZN,GOOGL,META,MSFT,NVDA,QQQ,SPY,TSLA",10,2021-12-31,2022-01-01,2022-12-31,2023-01-01,2023-12-31,0.6,False,-0.0020591297520343504,-0.44250347900204706,0.44044434925001263,-0.002228599201800752,-1.2088952891438223,0.0,0.0,True,3,0,3,2,0.01,2,2,2
wf_2023,validation,default_1_5x_stop_3x_tp_10d,baseline,random_forest,raw,no_quality_rank_filter,,default_1pct,all_symbols,"AAPL,AMD,AMZN,GOOGL,META,MSFT,NVDA,QQQ,SPY,TSLA",10,2021-12-31,2022-01-01,2022-12-31,2023-01-01,2023-12-31,0.65,False,0.0,-0.44250347900204706,0.44250347900204706,0.0,,,,True,0,0,0,0,,0,0,0
wf_2023,validation,default_1_5x_stop_3x_tp_10d,baseline,random_forest,raw,no_quality_rank_filter,,default_1pct,all_symbols,"AAPL,AMD,AMZN,GOOGL,META,MSFT,NVDA,QQQ,SPY,TSLA",10,2021-12-31,2022-01-01,2022-12-31,2023-01-01,2023-12-31,0.7,False,0.0,-0.44250347900204706,0.44250347900204706,0.0,,,,True,0,0,0,0,,0,0,0
wf_2023,validation,default_1_5x_stop_3x_tp_10d,baseline,random_forest,raw,no_quality_rank_filter,,default_1pct,top_7_by_validation_strategy,"AAPL,NVDA,QQQ,SPY",4,2021-12-31,2022-01-01,2022-12-31,2023-01-01,2023-12-31,0.45,False,-0.013940265918196854,-0.3343743675687444,0.32043410165054753,-0.03997515529602236,-0.5783892233053857,0.7791542159041601,0.3396825396825397,True,79,0,79,72,0.01,39,4,28
wf_2023,validation,default_1_5x_stop_3x_tp_10d,baseline,random_forest,raw,no_quality_rank_filter,,default_1pct,top_7_by_validation_strategy,"AAPL,AMD,AMZN,GOOGL,META,MSFT,NVDA,QQQ,SPY,TSLA",10,2021-12-31,2022-01-01,2022-12-31,2023-01-01,2023-12-31,0.5,False,-0.010642801102463623,-0.44250347900204706,0.4318606778995834,-0.017133376524378695,-0.9594164999286037,0.14036166126932106,0.1875,True,43,0,43,38,0.010000000000000002,26,9,15
wf_2023,validation,default_1_5x_stop_3x_tp_10d,baseline,random_forest,raw,no_quality_rank_filter,,default_1pct,top_7_by_validation_strategy,"AAPL,AMD,AMZN,GOOGL,META,MSFT,NVDA,QQQ,SPY,TSLA",10,2021-12-31,2022-01-01,2022-12-31,2023-01-01,2023-12-31,0.55,False,-0.005138573359835529,-0.44250347900204706,0.4373649056422114,-0.0063876061475842015,-0.9825853078047493,0.0,0.2,True,12,0,12,11,0.009999999999999998,10,5,6
wf_2023,validation,default_1_5x_stop_3x_tp_10d,baseline,random_forest,raw,no_quality_rank_filter,,default_1pct,top_7_by_validation_strategy,"AAPL,AMD,AMZN,GOOGL,META,MSFT,NVDA,QQQ,SPY,TSLA",10,2021-12-31,2022-01-01,2022-12-31,2023-01-01,2023-12-31,0.6,False,-0.0020591297520343504,-0.44250347900204706,0.44044434925001263,-0.002228599201800752,-1.2088952891438223,0.0,0.0,True,3,0,3,2,0.01,2,2,2
wf_2023,validation,default_1_5x_stop_3x_tp_10d,baseline,random_forest,raw,no_quality_rank_filter,,default_1pct,top_7_by_validation_strategy,"AAPL,AMD,AMZN,GOOGL,META,MSFT,NVDA,QQQ,SPY,TSLA",10,2021-12-31,2022-01-01,2022-12-31,2023-01-01,2023-12-31,0.65,False,0.0,-0.44250347900204706,0.44250347900204706,0.0,,,,True,0,0,0,0,,0,0,0
wf_2023,validation,default_1_5x_stop_3x_tp_10d,baseline,random_forest,raw,no_quality_rank_filter,,default_1pct,top_7_by_validation_strategy,"AAPL,AMD,AMZN,GOOGL,META,MSFT,NVDA,QQQ,SPY,TSLA",10,2021-12-31,2022-01-01,2022-12-31,2023-01-01,2023-12-31,0.7,False,0.0,-0.44250347900204706,0.44250347900204706,0.0,,,,True,0,0,0,0,,0,0,0
wf_2023,validation,default_1_5x_stop_3x_tp_10d,baseline,random_forest,raw,no_quality_rank_filter,,default_1pct,top_5_by_validation_strategy,"AAPL,NVDA,QQQ,SPY",4,2021-12-31,2022-01-01,2022-12-31,2023-01-01,2023-12-31,0.45,False,-0.013940265918196854,-0.3343743675687444,0.32043410165054753,-0.03997515529602236,-0.5783892233053857,0.7791542159041601,0.3396825396825397,True,79,0,79,72,0.01,39,4,28
wf_2023,validation,default_1_5x_stop_3x_tp_10d,baseline,random_forest,raw,no_quality_rank_filter,,default_1pct,top_5_by_validation_strategy,"AAPL,AMD,AMZN,GOOGL,META,MSFT,NVDA,QQQ,SPY,TSLA",10,2021-12-31,2022-01-01,2022-12-31,2023-01-01,2023-12-31,0.5,False,-0.010642801102463623,-0.44250347900204706,0.4318606778995834,-0.017133376524378695,-0.9594164999286037,0.14036166126932106,0.1875,True,43,0,43,38,0.010000000000000002,26,9,15
wf_2023,validation,default_1_5x_stop_3x_tp_10d,baseline,random_forest,raw,no_quality_rank_filter,,default_1pct,top_5_by_validation_strategy,"AAPL,AMD,AMZN,GOOGL,META,MSFT,NVDA,QQQ,SPY,TSLA",10,2021-12-31,2022-01-01,2022-12-31,2023-01-01,2023-12-31,0.55,False,-0.005138573359835529,-0.44250347900204706,0.4373649056422114,-0.0063876061475842015,-0.9825853078047493,0.0,0.2,True,12,0,12,11,0.009999999999999998,10,5,6
wf_2023,validation,default_1_5x_stop_3x_tp_10d,baseline,random_forest,raw,no_quality_rank_filter,,default_1pct,top_5_by_validation_strategy,"AAPL,AMD,AMZN,GOOGL,META,MSFT,NVDA,QQQ,SPY,TSLA",10,2021-12-31,2022-01-01,2022-12-31,2023-01-01,2023-12-31,0.6,False,-0.0020591297520343504,-0.44250347900204706,0.44044434925001263,-0.002228599201800752,-1.2088952891438223,0.0,0.0,True,3,0,3,2,0.01,2,2,2
wf_2023,validation,default_1_5x_stop_3x_tp_10d,baseline,random_forest,raw,no_quality_rank_filter,,default_1pct,top_5_by_validation_strategy,"AAPL,AMD,AMZN,GOOGL,META,MSFT,NVDA,QQQ,SPY,TSLA",10,2021-12-31,2022-01-01,2022-12-31,2023-01-01,2023-12-31,0.65,False,0.0,-0.44250347900204706,0.44250347900204706,0.0,,,,True,0,0,0,0,,0,0,0
wf_2023,validation,default_1_5x_stop_3x_tp_10d,baseline,random_forest,raw,no_quality_rank_filter,,default_1pct,top_5_by_validation_strategy,"AAPL,AMD,AMZN,GOOGL,META,MSFT,NVDA,QQQ,SPY,TSLA",10,2021-12-31,2022-01-01,2022-12-31,2023-01-01,2023-12-31,0.7,False,0.0,-0.44250347900204706,0.44250347900204706,0.0,,,,True,0,0,0,0,,0,0,0
wf_2023,validation,default_1_5x_stop_3x_tp_10d,baseline,random_forest,raw,no_quality_rank_filter,,default_1pct,top_3_by_validation_strategy,"AAPL,NVDA,SPY",3,2021-12-31,2022-01-01,2022-12-31,2023-01-01,2023-12-31,0.45,False,-0.005018864407125947,-0.33347107771915446,0.3284522133120285,-0.03807530868576462,-0.22738066447732577,1.0222149111150725,0.3862433862433862,True,64,0,64,58,0.01,30,3,23
wf_2023,validation,default_1_5x_stop_3x_tp_10d,baseline,random_forest,raw,no_quality_rank_filter,,default_1pct,top_3_by_validation_strategy,"AAPL,AMD,AMZN,GOOGL,META,MSFT,NVDA,QQQ,SPY,TSLA",10,2021-12-31,2022-01-01,2022-12-31,2023-01-01,2023-12-31,0.5,False,-0.010642801102463623,-0.44250347900204706,0.4318606778995834,-0.017133376524378695,-0.9594164999286037,0.14036166126932106,0.1875,True,43,0,43,38,0.010000000000000002,26,9,15
wf_2023,validation,default_1_5x_stop_3x_tp_10d,baseline,random_forest,raw,no_quality_rank_filter,,default_1pct,top_3_by_validation_strategy,"AAPL,AMD,AMZN,GOOGL,META,MSFT,NVDA,QQQ,SPY,TSLA",10,2021-12-31,2022-01-01,2022-12-31,2023-01-01,2023-12-31,0.55,False,-0.005138573359835529,-0.44250347900204706,0.4373649056422114,-0.0063876061475842015,-0.9825853078047493,0.0,0.2,True,12,0,12,11,0.009999999999999998,10,5,6
wf_2023,validation,default_1_5x_stop_3x_tp_10d,baseline,random_forest,raw,no_quality_rank_filter,,default_1pct,top_3_by_validation_strategy,"AAPL,AMD,AMZN,GOOGL,META,MSFT,NVDA,QQQ,SPY,TSLA",10,2021-12-31,2022-01-01,2022-12-31,2023-01-01,2023-12-31,0.6,False,-0.0020591297520343504,-0.44250347900204706,0.44044434925001263,-0.002228599201800752,-1.2088952891438223,0.0,0.0,True,3,0,3,2,0.01,2,2,2
wf_2023,validation,default_1_5x_stop_3x_tp_10d,baseline,random_forest,raw,no_quality_rank_filter,,default_1pct,top_3_by_validation_strategy,"AAPL,AMD,AMZN,GOOGL,META,MSFT,NVDA,QQQ,SPY,TSLA",10,2021-12-31,2022-01-01,2022-12-31,2023-01-01,2023-12-31,0.65,False,0.0,-0.44250347900204706,0.44250347900204706,0.0,,,,True,0,0,0,0,,0,0,0
wf_2023,validation,default_1_5x_stop_3x_tp_10d,baseline,random_forest,raw,no_quality_rank_filter,,default_1pct,top_3_by_validation_strategy,"AAPL,AMD,AMZN,GOOGL,META,MSFT,NVDA,QQQ,SPY,TSLA",10,2021-12-31,2022-01-01,2022-12-31,2023-01-01,2023-12-31,0.7,False,0.0,-0.44250347900204706,0.44250347900204706,0.0,,,,True,0,0,0,0,,0,0,0
wf_2023,validation,default_1_5x_stop_3x_tp_10d,baseline,random_forest,raw,no_quality_rank_filter,,default_1pct,top_5_by_validation_excess,"AAPL,NVDA,QQQ,SPY",4,2021-12-31,2022-01-01,2022-12-31,2023-01-01,2023-12-31,0.45,False,-0.013940265918196854,-0.3343743675687444,0.32043410165054753,-0.03997515529602236,-0.5783892233053857,0.7791542159041601,0.3396825396825397,True,79,0,79,72,0.01,39,4,28
wf_2023,validation,default_1_5x_stop_3x_tp_10d,baseline,random_forest,raw,no_quality_rank_filter,,default_1pct,top_5_by_validation_excess,"AAPL,AMD,AMZN,GOOGL,META,MSFT,NVDA,QQQ,SPY,TSLA",10,2021-12-31,2022-01-01,2022-12-31,2023-01-01,2023-12-31,0.5,False,-0.010642801102463623,-0.44250347900204706,0.4318606778995834,-0.017133376524378695,-0.9594164999286037,0.14036166126932106,0.1875,True,43,0,43,38,0.010000000000000002,26,9,15
wf_2023,validation,default_1_5x_stop_3x_tp_10d,baseline,random_forest,raw,no_quality_rank_filter,,default_1pct,top_5_by_validation_excess,"AAPL,AMD,AMZN,GOOGL,META,MSFT,NVDA,QQQ,SPY,TSLA",10,2021-12-31,2022-01-01,2022-12-31,2023-01-01,2023-12-31,0.55,False,-0.005138573359835529,-0.44250347900204706,0.4373649056422114,-0.0063876061475842015,-0.9825853078047493,0.0,0.2,True,12,0,12,11,0.009999999999999998,10,5,6
wf_2023,validation,default_1_5x_stop_3x_tp_10d,baseline,random_forest,raw,no_quality_rank_filter,,default_1pct,top_5_by_validation_excess,"AAPL,AMD,AMZN,GOOGL,META,MSFT,NVDA,QQQ,SPY,TSLA",10,2021-12-31,2022-01-01,2022-12-31,2023-01-01,2023-12-31,0.6,False,-0.0020591297520343504,-0.44250347900204706,0.44044434925001263,-0.002228599201800752,-1.2088952891438223,0.0,0.0,True,3,0,3,2,0.01,2,2,2
wf_2023,validation,default_1_5x_stop_3x_tp_10d,baseline,random_forest,raw,no_quality_rank_filter,,default_1pct,top_5_by_validation_excess,"AAPL,AMD,AMZN,GOOGL,META,MSFT,NVDA,QQQ,SPY,TSLA",10,2021-12-31,2022-01-01,2022-12-31,2023-01-01,2023-12-31,0.65,False,0.0,-0.44250347900204706,0.44250347900204706,0.0,,,,True,0,0,0,0,,0,0,0
wf_2023,validation,default_1_5x_stop_3x_tp_10d,baseline,random_forest,raw,no_quality_rank_filter,,default_1pct,top_5_by_validation_excess,"AAPL,AMD,AMZN,GOOGL,META,MSFT,NVDA,QQQ,SPY,TSLA",10,2021-12-31,2022-01-01,2022-12-31,2023-01-01,2023-12-31,0.7,False,0.0,-0.44250347900204706,0.44250347900204706,0.0,,,,True,0,0,0,0,,0,0,0
wf_2023,validation,default_1_5x_stop_3x_tp_10d,baseline,random_forest,raw,no_quality_rank_filter,,default_1pct,top_5_by_validation_sharpe,"AAPL,NVDA,QQQ,SPY",4,2021-12-31,2022-01-01,2022-12-31,2023-01-01,2023-12-31,0.45,False,-0.013940265918196854,-0.3343743675687444,0.32043410165054753,-0.03997515529602236,-0.5783892233053857,0.7791542159041601,0.3396825396825397,True,79,0,79,72,0.01,39,4,28
wf_2023,validation,default_1_5x_stop_3x_tp_10d,baseline,random_forest,raw,no_quality_rank_filter,,default_1pct,top_5_by_validation_sharpe,"AAPL,AMD,AMZN,GOOGL,META,MSFT,NVDA,QQQ,SPY,TSLA",10,2021-12-31,2022-01-01,2022-12-31,2023-01-01,2023-12-31,0.5,False,-0.010642801102463623,-0.44250347900204706,0.4318606778995834,-0.017133376524378695,-0.9594164999286037,0.14036166126932106,0.1875,True,43,0,43,38,0.010000000000000002,26,9,15
wf_2023,validation,default_1_5x_stop_3x_tp_10d,baseline,random_forest,raw,no_quality_rank_filter,,default_1pct,top_5_by_validation_sharpe,"AAPL,AMD,AMZN,GOOGL,META,MSFT,NVDA,QQQ,SPY,TSLA",10,2021-12-31,2022-01-01,2022-12-31,2023-01-01,2023-12-31,0.55,False,-0.005138573359835529,-0.44250347900204706,0.4373649056422114,-0.0063876061475842015,-0.9825853078047493,0.0,0.2,True,12,0,12,11,0.009999999999999998,10,5,6
wf_2023,validation,default_1_5x_stop_3x_tp_10d,baseline,random_forest,raw,no_quality_rank_filter,,default_1pct,top_5_by_validation_sharpe,"AAPL,AMD,AMZN,GOOGL,META,MSFT,NVDA,QQQ,SPY,TSLA",10,2021-12-31,2022-01-01,2022-12-31,2023-01-01,2023-12-31,0.6,False,-0.0020591297520343504,-0.44250347900204706,0.44044434925001263,-0.002228599201800752,-1.2088952891438223,0.0,0.0,True,3,0,3,2,0.01,2,2,2
wf_2023,validation,default_1_5x_stop_3x_tp_10d,baseline,random_forest,raw,no_quality_rank_filter,,default_1pct,top_5_by_validation_sharpe,"AAPL,AMD,AMZN,GOOGL,META,MSFT,NVDA,QQQ,SPY,TSLA",10,2021-12-31,2022-01-01,2022-12-31,2023-01-01,2023-12-31,0.65,False,0.0,-0.44250347900204706,0.44250347900204706,0.0,,,,True,0,0,0,0,,0,0,0
wf_2023,validation,default_1_5x_stop_3x_tp_10d,baseline,random_forest,raw,no_quality_rank_filter,,default_1pct,top_5_by_validation_sharpe,"AAPL,AMD,AMZN,GOOGL,META,MSFT,NVDA,QQQ,SPY,TSLA",10,2021-12-31,2022-01-01,2022-12-31,2023-01-01,2023-12-31,0.7,False,0.0,-0.44250347900204706,0.44250347900204706,0.0,,,,True,0,0,0,0,,0,0,0
wf_2023,validation,default_1_5x_stop_3x_tp_10d,baseline,random_forest,raw,no_quality_rank_filter,,default_1pct,positive_validation_strategy,"NVDA,SPY",2,2021-12-31,2022-01-01,2022-12-31,2023-01-01,2023-12-31,0.45,False,0.006828131768525054,-0.3571375450912902,0.3639656768598153,-0.037256232756334884,0.1681748293564688,1.3350496821297395,0.4365079365079365,True,47,0,47,41,0.010000000000000002,23,2,16
wf_2023,validation,default_1_5x_stop_3x_tp_10d,baseline,random_forest,raw,no_quality_rank_filter,,default_1pct,positive_validation_strategy,"AAPL,AMD,AMZN,GOOGL,META,MSFT,NVDA,QQQ,SPY,TSLA",10,2021-12-31,2022-01-01,2022-12-31,2023-01-01,2023-12-31,0.5,False,-0.010642801102463623,-0.44250347900204706,0.4318606778995834,-0.017133376524378695,-0.9594164999286037,0.14036166126932106,0.1875,True,43,0,43,38,0.010000000000000002,26,9,15
wf_2023,validation,default_1_5x_stop_3x_tp_10d,baseline,random_forest,raw,no_quality_rank_filter,,default_1pct,positive_validation_strategy,"AAPL,AMD,AMZN,GOOGL,META,MSFT,NVDA,QQQ,SPY,TSLA",10,2021-12-31,2022-01-01,2022-12-31,2023-01-01,2023-12-31,0.55,False,-0.005138573359835529,-0.44250347900204706,0.4373649056422114,-0.0063876061475842015,-0.9825853078047493,0.0,0.2,True,12,0,12,11,0.009999999999999998,10,5,6
wf_2023,validation,default_1_5x_stop_3x_tp_10d,baseline,random_forest,raw,no_quality_rank_filter,,default_1pct,positive_validation_strategy,"AAPL,AMD,AMZN,GOOGL,META,MSFT,NVDA,QQQ,SPY,TSLA",10,2021-12-31,2022-01-01,2022-12-31,2023-01-01,2023-12-31,0.6,False,-0.0020591297520343504,-0.44250347900204706,0.44044434925001263,-0.002228599201800752,-1.2088952891438223,0.0,0.0,True,3,0,3,2,0.01,2,2,2
wf_2023,validation,default_1_5x_stop_3x_tp_10d,baseline,random_forest,raw,no_quality_rank_filter,,default_1pct,positive_validation_strategy,"AAPL,AMD,AMZN,GOOGL,META,MSFT,NVDA,QQQ,SPY,TSLA",10,2021-12-31,2022-01-01,2022-12-31,2023-01-01,2023-12-31,0.65,False,0.0,-0.44250347900204706,0.44250347900204706,0.0,,,,True,0,0,0,0,,0,0,0
wf_2023,validation,default_1_5x_stop_3x_tp_10d,baseline,random_forest,raw,no_quality_rank_filter,,default_1pct,positive_validation_strategy,"AAPL,AMD,AMZN,GOOGL,META,MSFT,NVDA,QQQ,SPY,TSLA",10,2021-12-31,2022-01-01,2022-12-31,2023-01-01,2023-12-31,0.7,False,0.0,-0.44250347900204706,0.44250347900204706,0.0,,,,True,0,0,0,0,,0,0,0
wf_2023,validation,default_1_5x_stop_3x_tp_10d,baseline,random_forest,raw,no_quality_rank_filter,,default_1pct,large_cap_stocks_only,"AAPL,AMD,AMZN,GOOGL,META,MSFT,NVDA,TSLA",8,2021-12-31,2022-01-01,2022-12-31,2023-01-01,2023-12-31,0.45,True,-0.010902510089530533,-0.48606237522337714,0.47515986513384667,-0.02568709536700048,-0.5865887518464444,0.5811197959078382,0.3282312925170068,True,94,0,94,91,0.01,68,8,28
wf_2023,validation,default_1_5x_stop_3x_tp_10d,baseline,random_forest,raw,no_quality_rank_filter,,default_1pct,large_cap_stocks_only,"AAPL,AMD,AMZN,GOOGL,META,MSFT,NVDA,TSLA",8,2021-12-31,2022-01-01,2022-12-31,2023-01-01,2023-12-31,0.5,False,-0.009181324193824714,-0.48606237522337714,0.47688105102955247,-0.01729454347121856,-0.8423999739970184,0.16375527148087457,0.21428571428571427,True,32,0,32,30,0.01,25,7,12
wf_2023,validation,default_1_5x_stop_3x_tp_10d,baseline,random_forest,raw,no_quality_rank_filter,,default_1pct,large_cap_stocks_only,"AAPL,AMD,AMZN,GOOGL,META,MSFT,NVDA,TSLA",8,2021-12-31,2022-01-01,2022-12-31,2023-01-01,2023-12-31,0.55,False,-0.0050400084534734015,-0.48606237522337714,0.4810223667699038,-0.006601299438159236,-0.9064901462811095,0.0,0.25,True,11,0,11,10,0.009999999999999998,10,4,5
wf_2023,validation,default_1_5x_stop_3x_tp_10d,baseline,random_forest,raw,no_quality_rank_filter,,default_1pct,large_cap_stocks_only,"AAPL,AMD,AMZN,GOOGL,META,MSFT,NVDA,TSLA",8,2021-12-31,2022-01-01,2022-12-31,2023-01-01,2023-12-31,0.6,False,-0.0025739121900429382,-0.48606237522337714,0.4834884630333342,-0.0027857490022509396,-1.2088952891438223,0.0,0.0,True,3,0,3,2,0.01,2,2,2
wf_2023,validation,default_1_5x_stop_3x_tp_10d,baseline,random_forest,raw,no_quality_rank_filter,,default_1pct,large_cap_stocks_only,"AAPL,AMD,AMZN,GOOGL,META,MSFT,NVDA,TSLA",8,2021-12-31,2022-01-01,2022-12-31,2023-01-01,2023-12-31,0.65,False,0.0,-0.48606237522337714,0.48606237522337714,0.0,,,,True,0,0,0,0,,0,0,0
wf_2023,validation,default_1_5x_stop_3x_tp_10d,baseline,random_forest,raw,no_quality_rank_filter,,default_1pct,large_cap_stocks_only,"AAPL,AMD,AMZN,GOOGL,META,MSFT,NVDA,TSLA",8,2021-12-31,2022-01-01,2022-12-31,2023-01-01,2023-12-31,0.7,False,0.0,-0.48606237522337714,0.48606237522337714,0.0,,,,True,0,0,0,0,,0,0,0
wf_2023,validation,default_1_5x_stop_3x_tp_10d,baseline,random_forest,raw,no_quality_rank_filter,,default_1pct,index_etfs_only,"QQQ,SPY",2,2021-12-31,2022-01-01,2022-12-31,2023-01-01,2023-12-31,0.45,False,-0.015447735096059696,-0.26826789411672614,0.25282015902066646,-0.04174369456213578,-0.6997698180651585,0.785604547730739,0.3222222222222222,True,44,0,44,39,0.010000000000000002,19,2,14
wf_2023,validation,default_1_5x_stop_3x_tp_10d,baseline,random_forest,raw,no_quality_rank_filter,,default_1pct,index_etfs_only,"QQQ,SPY",2,2021-12-31,2022-01-01,2022-12-31,2023-01-01,2023-12-31,0.5,False,-0.01648870873701926,-0.26826789411672614,0.2517791853797069,-0.016488708737019242,-1.7785321814497006,0.0,0.0,True,11,0,11,8,0.009999999999999998,1,2,3
wf_2023,validation,default_1_5x_stop_3x_tp_10d,baseline,random_forest,raw,no_quality_rank_filter,,default_1pct,index_etfs_only,"QQQ,SPY",2,2021-12-31,2022-01-01,2022-12-31,2023-01-01,2023-12-31,0.55,False,-0.00553283298528404,-0.26826789411672614,0.26273506113144207,-0.005532832985284064,-1.2869659538993083,0.0,0.0,True,1,0,1,1,0.01,0,1,1
wf_2023,validation,default_1_5x_stop_3x_tp_10d,baseline,random_forest,raw,no_quality_rank_filter,,default_1pct,index_etfs_only,"QQQ,SPY",2,2021-12-31,2022-01-01,2022-12-31,2023-01-01,2023-12-31,0.6,False,0.0,-0.26826789411672614,0.26826789411672614,0.0,,,,True,0,0,0,0,,0,0,0
wf_2023,validation,default_1_5x_stop_3x_tp_10d,baseline,random_forest,raw,no_quality_rank_filter,,default_1pct,index_etfs_only,"QQQ,SPY",2,2021-12-31,2022-01-01,2022-12-31,2023-01-01,2023-12-31,0.65,False,0.0,-0.26826789411672614,0.26826789411672614,0.0,,,,True,0,0,0,0,,0,0,0
wf_2023,validation,default_1_5x_stop_3x_tp_10d,baseline,random_forest,raw,no_quality_rank_filter,,default_1pct,index_etfs_only,"QQQ,SPY",2,2021-12-31,2022-01-01,2022-12-31,2023-01-01,2023-12-31,0.7,False,0.0,-0.26826789411672614,0.26826789411672614,0.0,,,,True,0,0,0,0,,0,0,0
wf_2023,validation,default_1_5x_stop_3x_tp_10d,baseline,random_forest,isotonic,no_quality_rank_filter,,default_1pct,all_symbols,"AAPL,AMD,AMZN,GOOGL,META,MSFT,NVDA,QQQ,SPY,TSLA",10,2021-12-31,2022-01-01,2022-12-31,2023-01-01,2023-12-31,0.15,False,0.0,-0.44250347900204706,0.44250347900204706,0.0,,,,True,0,0,0,0,,0,0,0
wf_2023,validation,default_1_5x_stop_3x_tp_10d,baseline,random_forest,isotonic,no_quality_rank_filter,,default_1pct,all_symbols,"AAPL,AMD,AMZN,GOOGL,META,MSFT,NVDA,QQQ,SPY,TSLA",10,2021-12-31,2022-01-01,2022-12-31,2023-01-01,2023-12-31,0.2,False,0.0,-0.44250347900204706,0.44250347900204706,0.0,,,,True,0,0,0,0,,0,0,0
wf_2023,validation,default_1_5x_stop_3x_tp_10d,baseline,random_forest,isotonic,no_quality_rank_filter,,default_1pct,all_symbols,"AAPL,AMD,AMZN,GOOGL,META,MSFT,NVDA,QQQ,SPY,TSLA",10,2021-12-31,2022-01-01,2022-12-31,2023-01-01,2023-12-31,0.25,False,0.0,-0.44250347900204706,0.44250347900204706,0.0,,,,True,0,0,0,0,,0,0,0
wf_2023,validation,default_1_5x_stop_3x_tp_10d,baseline,random_forest,isotonic,no_quality_rank_filter,,default_1pct,all_symbols,"AAPL,AMD,AMZN,GOOGL,META,MSFT,NVDA,QQQ,SPY,TSLA",10,2021-12-31,2022-01-01,2022-12-31,2023-01-01,2023-12-31,0.3,False,0.0,-0.44250347900204706,0.44250347900204706,0.0,,,,True,0,0,0,0,,0,0,0
wf_2023,validation,default_1_5x_stop_3x_tp_10d,baseline,random_forest,isotonic,no_quality_rank_filter,,default_1pct,all_symbols,"AAPL,AMD,AMZN,GOOGL,META,MSFT,NVDA,QQQ,SPY,TSLA",10,2021-12-31,2022-01-01,2022-12-31,2023-01-01,2023-12-31,0.35,False,0.0,-0.44250347900204706,0.44250347900204706,0.0,,,,True,0,0,0,0,,0,0,0
wf_2023,validation,default_1_5x_stop_3x_tp_10d,baseline,random_forest,isotonic,no_quality_rank_filter,,default_1pct,all_symbols,"AAPL,AMD,AMZN,GOOGL,META,MSFT,NVDA,QQQ,SPY,TSLA",10,2021-12-31,2022-01-01,2022-12-31,2023-01-01,2023-12-31,0.4,False,0.0,-0.44250347900204706,0.44250347900204706,0.0,,,,True,0,0,0,0,,0,0,0
wf_2023,validation,default_1_5x_stop_3x_tp_10d,baseline,random_forest,isotonic,no_quality_rank_filter,,default_1pct,all_symbols,"AAPL,AMD,AMZN,GOOGL,META,MSFT,NVDA,QQQ,SPY,TSLA",10,2021-12-31,2022-01-01,2022-12-31,2023-01-01,2023-12-31,0.45,False,0.0,-0.44250347900204706,0.44250347900204706,0.0,,,,True,0,0,0,0,,0,0,0
wf_2023,validation,default_1_5x_stop_3x_tp_10d,baseline,random_forest,isotonic,no_quality_rank_filter,,default_1pct,top_7_by_validation_strategy,"AAPL,AMD,AMZN,GOOGL,META,MSFT,NVDA,QQQ,SPY,TSLA",10,2021-12-31,2022-01-01,2022-12-31,2023-01-01,2023-12-31,0.15,False,0.0,-0.44250347900204706,0.44250347900204706,0.0,,,,True,0,0,0,0,,0,0,0
wf_2023,validation,default_1_5x_stop_3x_tp_10d,baseline,random_forest,isotonic,no_quality_rank_filter,,default_1pct,top_7_by_validation_strategy,"AAPL,AMD,AMZN,GOOGL,META,MSFT,NVDA,QQQ,SPY,TSLA",10,2021-12-31,2022-01-01,2022-12-31,2023-01-01,2023-12-31,0.2,False,0.0,-0.44250347900204706,0.44250347900204706,0.0,,,,True,0,0,0,0,,0,0,0
wf_2023,validation,default_1_5x_stop_3x_tp_10d,baseline,random_forest,isotonic,no_quality_rank_filter,,default_1pct,top_7_by_validation_strategy,"AAPL,AMD,AMZN,GOOGL,META,MSFT,NVDA,QQQ,SPY,TSLA",10,2021-12-31,2022-01-01,2022-12-31,2023-01-01,2023-12-31,0.25,False,0.0,-0.44250347900204706,0.44250347900204706,0.0,,,,True,0,0,0,0,,0,0,0
wf_2023,validation,default_1_5x_stop_3x_tp_10d,baseline,random_forest,isotonic,no_quality_rank_filter,,default_1pct,top_7_by_validation_strategy,"AAPL,AMD,AMZN,GOOGL,META,MSFT,NVDA,QQQ,SPY,TSLA",10,2021-12-31,2022-01-01,2022-12-31,2023-01-01,2023-12-31,0.3,False,0.0,-0.44250347900204706,0.44250347900204706,0.0,,,,True,0,0,0,0,,0,0,0
wf_2023,validation,default_1_5x_stop_3x_tp_10d,baseline,random_forest,isotonic,no_quality_rank_filter,,default_1pct,top_7_by_validation_strategy,"AAPL,AMD,AMZN,GOOGL,META,MSFT,NVDA,QQQ,SPY,TSLA",10,2021-12-31,2022-01-01,2022-12-31,2023-01-01,2023-12-31,0.35,False,0.0,-0.44250347900204706,0.44250347900204706,0.0,,,,True,0,0,0,0,,0,0,0
wf_2023,validation,default_1_5x_stop_3x_tp_10d,baseline,random_forest,isotonic,no_quality_rank_filter,,default_1pct,top_7_by_validation_strategy,"AAPL,AMD,AMZN,GOOGL,META,MSFT,NVDA,QQQ,SPY,TSLA",10,2021-12-31,2022-01-01,2022-12-31,2023-01-01,2023-12-31,0.4,False,0.0,-0.44250347900204706,0.44250347900204706,0.0,,,,True,0,0,0,0,,0,0,0
wf_2023,validation,default_1_5x_stop_3x_tp_10d,baseline,random_forest,isotonic,no_quality_rank_filter,,default_1pct,top_7_by_validation_strategy,"AAPL,AMD,AMZN,GOOGL,META,MSFT,NVDA,QQQ,SPY,TSLA",10,2021-12-31,2022-01-01,2022-12-31,2023-01-01,2023-12-31,0.45,False,0.0,-0.44250347900204706,0.44250347900204706,0.0,,,,True,0,0,0,0,,0,0,0
wf_2023,validation,default_1_5x_stop_3x_tp_10d,baseline,random_forest,isotonic,no_quality_rank_filter,,default_1pct,top_5_by_validation_strategy,"AAPL,AMD,AMZN,GOOGL,META,MSFT,NVDA,QQQ,SPY,TSLA",10,2021-12-31,2022-01-01,2022-12-31,2023-01-01,2023-12-31,0.15,False,0.0,-0.44250347900204706,0.44250347900204706,0.0,,,,True,0,0,0,0,,0,0,0
wf_2023,validation,default_1_5x_stop_3x_tp_10d,baseline,random_forest,isotonic,no_quality_rank_filter,,default_1pct,top_5_by_validation_strategy,"AAPL,AMD,AMZN,GOOGL,META,MSFT,NVDA,QQQ,SPY,TSLA",10,2021-12-31,2022-01-01,2022-12-31,2023-01-01,2023-12-31,0.2,False,0.0,-0.44250347900204706,0.44250347900204706,0.0,,,,True,0,0,0,0,,0,0,0
wf_2023,validation,default_1_5x_stop_3x_tp_10d,baseline,random_forest,isotonic,no_quality_rank_filter,,default_1pct,top_5_by_validation_strategy,"AAPL,AMD,AMZN,GOOGL,META,MSFT,NVDA,QQQ,SPY,TSLA",10,2021-12-31,2022-01-01,2022-12-31,2023-01-01,2023-12-31,0.25,False,0.0,-0.44250347900204706,0.44250347900204706,0.0,,,,True,0,0,0,0,,0,0,0
wf_2023,validation,default_1_5x_stop_3x_tp_10d,baseline,random_forest,isotonic,no_quality_rank_filter,,default_1pct,top_5_by_validation_strategy,"AAPL,AMD,AMZN,GOOGL,META,MSFT,NVDA,QQQ,SPY,TSLA",10,2021-12-31,2022-01-01,2022-12-31,2023-01-01,2023-12-31,0.3,False,0.0,-0.44250347900204706,0.44250347900204706,0.0,,,,True,0,0,0,0,,0,0,0
wf_2023,validation,default_1_5x_stop_3x_tp_10d,baseline,random_forest,isotonic,no_quality_rank_filter,,default_1pct,top_5_by_validation_strategy,"AAPL,AMD,AMZN,GOOGL,META,MSFT,NVDA,QQQ,SPY,TSLA",10,2021-12-31,2022-01-01,2022-12-31,2023-01-01,2023-12-31,0.35,False,0.0,-0.44250347900204706,0.44250347900204706,0.0,,,,True,0,0,0,0,,0,0,0
wf_2023,validation,default_1_5x_stop_3x_tp_10d,baseline,random_forest,isotonic,no_quality_rank_filter,,default_1pct,top_5_by_validation_strategy,"AAPL,AMD,AMZN,GOOGL,META,MSFT,NVDA,QQQ,SPY,TSLA",10,2021-12-31,2022-01-01,2022-12-31,2023-01-01,2023-12-31,0.4,False,0.0,-0.44250347900204706,0.44250347900204706,0.0,,,,True,0,0,0,0,,0,0,0
wf_2023,validation,default_1_5x_stop_3x_tp_10d,baseline,random_forest,isotonic,no_quality_rank_filter,,default_1pct,top_5_by_validation_strategy,"AAPL,AMD,AMZN,GOOGL,META,MSFT,NVDA,QQQ,SPY,TSLA",10,2021-12-31,2022-01-01,2022-12-31,2023-01-01,2023-12-31,0.45,False,0.0,-0.44250347900204706,0.44250347900204706,0.0,,,,True,0,0,0,0,,0,0,0
wf_2023,validation,default_1_5x_stop_3x_tp_10d,baseline,random_forest,isotonic,no_quality_rank_filter,,default_1pct,top_3_by_validation_strategy,"AAPL,AMD,AMZN,GOOGL,META,MSFT,NVDA,QQQ,SPY,TSLA",10,2021-12-31,2022-01-01,2022-12-31,2023-01-01,2023-12-31,0.15,False,0.0,-0.44250347900204706,0.44250347900204706,0.0,,,,True,0,0,0,0,,0,0,0
wf_2023,validation,default_1_5x_stop_3x_tp_10d,baseline,random_forest,isotonic,no_quality_rank_filter,,default_1pct,top_3_by_validation_strategy,"AAPL,AMD,AMZN,GOOGL,META,MSFT,NVDA,QQQ,SPY,TSLA",10,2021-12-31,2022-01-01,2022-12-31,2023-01-01,2023-12-31,0.2,False,0.0,-0.44250347900204706,0.44250347900204706,0.0,,,,True,0,0,0,0,,0,0,0
wf_2023,validation,default_1_5x_stop_3x_tp_10d,baseline,random_forest,isotonic,no_quality_rank_filter,,default_1pct,top_3_by_validation_strategy,"AAPL,AMD,AMZN,GOOGL,META,MSFT,NVDA,QQQ,SPY,TSLA",10,2021-12-31,2022-01-01,2022-12-31,2023-01-01,2023-12-31,0.25,False,0.0,-0.44250347900204706,0.44250347900204706,0.0,,,,True,0,0,0,0,,0,0,0
wf_2023,validation,default_1_5x_stop_3x_tp_10d,baseline,random_forest,isotonic,no_quality_rank_filter,,default_1pct,top_3_by_validation_strategy,"AAPL,AMD,AMZN,GOOGL,META,MSFT,NVDA,QQQ,SPY,TSLA",10,2021-12-31,2022-01-01,2022-12-31,2023-01-01,2023-12-31,0.3,False,0.0,-0.44250347900204706,0.44250347900204706,0.0,,,,True,0,0,0,0,,0,0,0
wf_2023,validation,default_1_5x_stop_3x_tp_10d,baseline,random_forest,isotonic,no_quality_rank_filter,,default_1pct,top_3_by_validation_strategy,"AAPL,AMD,AMZN,GOOGL,META,MSFT,NVDA,QQQ,SPY,TSLA",10,2021-12-31,2022-01-01,2022-12-31,2023-01-01,2023-12-31,0.35,False,0.0,-0.44250347900204706,0.44250347900204706,0.0,,,,True,0,0,0,0,,0,0,0
wf_2023,validation,default_1_5x_stop_3x_tp_10d,baseline,random_forest,isotonic,no_quality_rank_filter,,default_1pct,top_3_by_validation_strategy,"AAPL,AMD,AMZN,GOOGL,META,MSFT,NVDA,QQQ,SPY,TSLA",10,2021-12-31,2022-01-01,2022-12-31,2023-01-01,2023-12-31,0.4,False,0.0,-0.44250347900204706,0.44250347900204706,0.0,,,,True,0,0,0,0,,0,0,0
wf_2023,validation,default_1_5x_stop_3x_tp_10d,baseline,random_forest,isotonic,no_quality_rank_filter,,default_1pct,top_3_by_validation_strategy,"AAPL,AMD,AMZN,GOOGL,META,MSFT,NVDA,QQQ,SPY,TSLA",10,2021-12-31,2022-01-01,2022-12-31,2023-01-01,2023-12-31,0.45,False,0.0,-0.44250347900204706,0.44250347900204706,0.0,,,,True,0,0,0,0,,0,0,0
wf_2023,validation,default_1_5x_stop_3x_tp_10d,baseline,random_forest,isotonic,no_quality_rank_filter,,default_1pct,top_5_by_validation_excess,"AAPL,AMD,AMZN,GOOGL,META,MSFT,NVDA,QQQ,SPY,TSLA",10,2021-12-31,2022-01-01,2022-12-31,2023-01-01,2023-12-31,0.15,False,0.0,-0.44250347900204706,0.44250347900204706,0.0,,,,True,0,0,0,0,,0,0,0
wf_2023,validation,default_1_5x_stop_3x_tp_10d,baseline,random_forest,isotonic,no_quality_rank_filter,,default_1pct,top_5_by_validation_excess,"AAPL,AMD,AMZN,GOOGL,META,MSFT,NVDA,QQQ,SPY,TSLA",10,2021-12-31,2022-01-01,2022-12-31,2023-01-01,2023-12-31,0.2,False,0.0,-0.44250347900204706,0.44250347900204706,0.0,,,,True,0,0,0,0,,0,0,0
wf_2023,validation,default_1_5x_stop_3x_tp_10d,baseline,random_forest,isotonic,no_quality_rank_filter,,default_1pct,top_5_by_validation_excess,"AAPL,AMD,AMZN,GOOGL,META,MSFT,NVDA,QQQ,SPY,TSLA",10,2021-12-31,2022-01-01,2022-12-31,2023-01-01,2023-12-31,0.25,False,0.0,-0.44250347900204706,0.44250347900204706,0.0,,,,True,0,0,0,0,,0,0,0
wf_2023,validation,default_1_5x_stop_3x_tp_10d,baseline,random_forest,isotonic,no_quality_rank_filter,,default_1pct,top_5_by_validation_excess,"AAPL,AMD,AMZN,GOOGL,META,MSFT,NVDA,QQQ,SPY,TSLA",10,2021-12-31,2022-01-01,2022-12-31,2023-01-01,2023-12-31,0.3,False,0.0,-0.44250347900204706,0.44250347900204706,0.0,,,,True,0,0,0,0,,0,0,0
wf_2023,validation,default_1_5x_stop_3x_tp_10d,baseline,random_forest,isotonic,no_quality_rank_filter,,default_1pct,top_5_by_validation_excess,"AAPL,AMD,AMZN,GOOGL,META,MSFT,NVDA,QQQ,SPY,TSLA",10,2021-12-31,2022-01-01,2022-12-31,2023-01-01,2023-12-31,0.35,False,0.0,-0.44250347900204706,0.44250347900204706,0.0,,,,True,0,0,0,0,,0,0,0
wf_2023,validation,default_1_5x_stop_3x_tp_10d,baseline,random_forest,isotonic,no_quality_rank_filter,,default_1pct,top_5_by_validation_excess,"AAPL,AMD,AMZN,GOOGL,META,MSFT,NVDA,QQQ,SPY,TSLA",10,2021-12-31,2022-01-01,2022-12-31,2023-01-01,2023-12-31,0.4,False,0.0,-0.44250347900204706,0.44250347900204706,0.0,,,,True,0,0,0,0,,0,0,0
wf_2023,validation,default_1_5x_stop_3x_tp_10d,baseline,random_forest,isotonic,no_quality_rank_filter,,default_1pct,top_5_by_validation_excess,"AAPL,AMD,AMZN,GOOGL,META,MSFT,NVDA,QQQ,SPY,TSLA",10,2021-12-31,2022-01-01,2022-12-31,2023-01-01,2023-12-31,0.45,False,0.0,-0.44250347900204706,0.44250347900204706,0.0,,,,True,0,0,0,0,,0,0,0
wf_2023,validation,default_1_5x_stop_3x_tp_10d,baseline,random_forest,isotonic,no_quality_rank_filter,,default_1pct,top_5_by_validation_sharpe,"AAPL,AMD,AMZN,GOOGL,META,MSFT,NVDA,QQQ,SPY,TSLA",10,2021-12-31,2022-01-01,2022-12-31,2023-01-01,2023-12-31,0.15,False,0.0,-0.44250347900204706,0.44250347900204706,0.0,,,,True,0,0,0,0,,0,0,0
wf_2023,validation,default_1_5x_stop_3x_tp_10d,baseline,random_forest,isotonic,no_quality_rank_filter,,default_1pct,top_5_by_validation_sharpe,"AAPL,AMD,AMZN,GOOGL,META,MSFT,NVDA,QQQ,SPY,TSLA",10,2021-12-31,2022-01-01,2022-12-31,2023-01-01,2023-12-31,0.2,False,0.0,-0.44250347900204706,0.44250347900204706,0.0,,,,True,0,0,0,0,,0,0,0
wf_2023,validation,default_1_5x_stop_3x_tp_10d,baseline,random_forest,isotonic,no_quality_rank_filter,,default_1pct,top_5_by_validation_sharpe,"AAPL,AMD,AMZN,GOOGL,META,MSFT,NVDA,QQQ,SPY,TSLA",10,2021-12-31,2022-01-01,2022-12-31,2023-01-01,2023-12-31,0.25,False,0.0,-0.44250347900204706,0.44250347900204706,0.0,,,,True,0,0,0,0,,0,0,0
wf_2023,validation,default_1_5x_stop_3x_tp_10d,baseline,random_forest,isotonic,no_quality_rank_filter,,default_1pct,top_5_by_validation_sharpe,"AAPL,AMD,AMZN,GOOGL,META,MSFT,NVDA,QQQ,SPY,TSLA",10,2021-12-31,2022-01-01,2022-12-31,2023-01-01,2023-12-31,0.3,False,0.0,-0.44250347900204706,0.44250347900204706,0.0,,,,True,0,0,0,0,,0,0,0
wf_2023,validation,default_1_5x_stop_3x_tp_10d,baseline,random_forest,isotonic,no_quality_rank_filter,,default_1pct,top_5_by_validation_sharpe,"AAPL,AMD,AMZN,GOOGL,META,MSFT,NVDA,QQQ,SPY,TSLA",10,2021-12-31,2022-01-01,2022-12-31,2023-01-01,2023-12-31,0.35,False,0.0,-0.44250347900204706,0.44250347900204706,0.0,,,,True,0,0,0,0,,0,0,0
wf_2023,validation,default_1_5x_stop_3x_tp_10d,baseline,random_forest,isotonic,no_quality_rank_filter,,default_1pct,top_5_by_validation_sharpe,"AAPL,AMD,AMZN,GOOGL,META,MSFT,NVDA,QQQ,SPY,TSLA",10,2021-12-31,2022-01-01,2022-12-31,2023-01-01,2023-12-31,0.4,False,0.0,-0.44250347900204706,0.44250347900204706,0.0,,,,True,0,0,0,0,,0,0,0
wf_2023,validation,default_1_5x_stop_3x_tp_10d,baseline,random_forest,isotonic,no_quality_rank_filter,,default_1pct,top_5_by_validation_sharpe,"AAPL,AMD,AMZN,GOOGL,META,MSFT,NVDA,QQQ,SPY,TSLA",10,2021-12-31,2022-01-01,2022-12-31,2023-01-01,2023-12-31,0.45,False,0.0,-0.44250347900204706,0.44250347900204706,0.0,,,,True,0,0,0,0,,0,0,0
wf_2023,validation,default_1_5x_stop_3x_tp_10d,baseline,random_forest,isotonic,no_quality_rank_filter,,default_1pct,positive_validation_strategy,"AAPL,AMD,AMZN,GOOGL,META,MSFT,NVDA,QQQ,SPY,TSLA",10,2021-12-31,2022-01-01,2022-12-31,2023-01-01,2023-12-31,0.15,False,0.0,-0.44250347900204706,0.44250347900204706,0.0,,,,True,0,0,0,0,,0,0,0
wf_2023,validation,default_1_5x_stop_3x_tp_10d,baseline,random_forest,isotonic,no_quality_rank_filter,,default_1pct,positive_validation_strategy,"AAPL,AMD,AMZN,GOOGL,META,MSFT,NVDA,QQQ,SPY,TSLA",10,2021-12-31,2022-01-01,2022-12-31,2023-01-01,2023-12-31,0.2,False,0.0,-0.44250347900204706,0.44250347900204706,0.0,,,,True,0,0,0,0,,0,0,0
wf_2023,validation,default_1_5x_stop_3x_tp_10d,baseline,random_forest,isotonic,no_quality_rank_filter,,default_1pct,positive_validation_strategy,"AAPL,AMD,AMZN,GOOGL,META,MSFT,NVDA,QQQ,SPY,TSLA",10,2021-12-31,2022-01-01,2022-12-31,2023-01-01,2023-12-31,0.25,False,0.0,-0.44250347900204706,0.44250347900204706,0.0,,,,True,0,0,0,0,,0,0,0
wf_2023,validation,default_1_5x_stop_3x_tp_10d,baseline,random_forest,isotonic,no_quality_rank_filter,,default_1pct,positive_validation_strategy,"AAPL,AMD,AMZN,GOOGL,META,MSFT,NVDA,QQQ,SPY,TSLA",10,2021-12-31,2022-01-01,2022-12-31,2023-01-01,2023-12-31,0.3,False,0.0,-0.44250347900204706,0.44250347900204706,0.0,,,,True,0,0,0,0,,0,0,0
wf_2023,validation,default_1_5x_stop_3x_tp_10d,baseline,random_forest,isotonic,no_quality_rank_filter,,default_1pct,positive_validation_strategy,"AAPL,AMD,AMZN,GOOGL,META,MSFT,NVDA,QQQ,SPY,TSLA",10,2021-12-31,2022-01-01,2022-12-31,2023-01-01,2023-12-31,0.35,False,0.0,-0.44250347900204706,0.44250347900204706,0.0,,,,True,0,0,0,0,,0,0,0
wf_2023,validation,default_1_5x_stop_3x_tp_10d,baseline,random_forest,isotonic,no_quality_rank_filter,,default_1pct,positive_validation_strategy,"AAPL,AMD,AMZN,GOOGL,META,MSFT,NVDA,QQQ,SPY,TSLA",10,2021-12-31,2022-01-01,2022-12-31,2023-01-01,2023-12-31,0.4,False,0.0,-0.44250347900204706,0.44250347900204706,0.0,,,,True,0,0,0,0,,0,0,0
wf_2023,validation,default_1_5x_stop_3x_tp_10d,baseline,random_forest,isotonic,no_quality_rank_filter,,default_1pct,positive_validation_strategy,"AAPL,AMD,AMZN,GOOGL,META,MSFT,NVDA,QQQ,SPY,TSLA",10,2021-12-31,2022-01-01,2022-12-31,2023-01-01,2023-12-31,0.45,False,0.0,-0.44250347900204706,0.44250347900204706,0.0,,,,True,0,0,0,0,,0,0,0
wf_2023,validation,default_1_5x_stop_3x_tp_10d,baseline,random_forest,isotonic,no_quality_rank_filter,,default_1pct,large_cap_stocks_only,"AAPL,AMD,AMZN,GOOGL,META,MSFT,NVDA,TSLA",8,2021-12-31,2022-01-01,2022-12-31,2023-01-01,2023-12-31,0.15,False,0.0,-0.48606237522337714,0.48606237522337714,0.0,,,,True,0,0,0,0,,0,0,0
wf_2023,validation,default_1_5x_stop_3x_tp_10d,baseline,random_forest,isotonic,no_quality_rank_filter,,default_1pct,large_cap_stocks_only,"AAPL,AMD,AMZN,GOOGL,META,MSFT,NVDA,TSLA",8,2021-12-31,2022-01-01,2022-12-31,2023-01-01,2023-12-31,0.2,False,0.0,-0.48606237522337714,0.48606237522337714,0.0,,,,True,0,0,0,0,,0,0,0
wf_2023,validation,default_1_5x_stop_3x_tp_10d,baseline,random_forest,isotonic,no_quality_rank_filter,,default_1pct,large_cap_stocks_only,"AAPL,AMD,AMZN,GOOGL,META,MSFT,NVDA,TSLA",8,2021-12-31,2022-01-01,2022-12-31,2023-01-01,2023-12-31,0.25,False,0.0,-0.48606237522337714,0.48606237522337714,0.0,,,,True,0,0,0,0,,0,0,0
wf_2023,validation,default_1_5x_stop_3x_tp_10d,baseline,random_forest,isotonic,no_quality_rank_filter,,default_1pct,large_cap_stocks_only,"AAPL,AMD,AMZN,GOOGL,META,MSFT,NVDA,TSLA",8,2021-12-31,2022-01-01,2022-12-31,2023-01-01,2023-12-31,0.3,False,0.0,-0.48606237522337714,0.48606237522337714,0.0,,,,True,0,0,0,0,,0,0,0
wf_2023,validation,default_1_5x_stop_3x_tp_10d,baseline,random_forest,isotonic,no_quality_rank_filter,,default_1pct,large_cap_stocks_only,"AAPL,AMD,AMZN,GOOGL,META,MSFT,NVDA,TSLA",8,2021-12-31,2022-01-01,2022-12-31,2023-01-01,2023-12-31,0.35,False,0.0,-0.48606237522337714,0.48606237522337714,0.0,,,,True,0,0,0,0,,0,0,0
wf_2023,validation,default_1_5x_stop_3x_tp_10d,baseline,random_forest,isotonic,no_quality_rank_filter,,default_1pct,large_cap_stocks_only,"AAPL,AMD,AMZN,GOOGL,META,MSFT,NVDA,TSLA",8,2021-12-31,2022-01-01,2022-12-31,2023-01-01,2023-12-31,0.4,False,0.0,-0.48606237522337714,0.48606237522337714,0.0,,,,True,0,0,0,0,,0,0,0
wf_2023,validation,default_1_5x_stop_3x_tp_10d,baseline,random_forest,isotonic,no_quality_rank_filter,,default_1pct,large_cap_stocks_only,"AAPL,AMD,AMZN,GOOGL,META,MSFT,NVDA,TSLA",8,2021-12-31,2022-01-01,2022-12-31,2023-01-01,2023-12-31,0.45,False,0.0,-0.48606237522337714,0.48606237522337714,0.0,,,,True,0,0,0,0,,0,0,0
wf_2023,validation,default_1_5x_stop_3x_tp_10d,baseline,random_forest,isotonic,no_quality_rank_filter,,default_1pct,index_etfs_only,"QQQ,SPY",2,2021-12-31,2022-01-01,2022-12-31,2023-01-01,2023-12-31,0.15,False,0.0,-0.26826789411672614,0.26826789411672614,0.0,,,,True,0,0,0,0,,0,0,0
wf_2023,validation,default_1_5x_stop_3x_tp_10d,baseline,random_forest,isotonic,no_quality_rank_filter,,default_1pct,index_etfs_only,"QQQ,SPY",2,2021-12-31,2022-01-01,2022-12-31,2023-01-01,2023-12-31,0.2,False,0.0,-0.26826789411672614,0.26826789411672614,0.0,,,,True,0,0,0,0,,0,0,0
wf_2023,validation,default_1_5x_stop_3x_tp_10d,baseline,random_forest,isotonic,no_quality_rank_filter,,default_1pct,index_etfs_only,"QQQ,SPY",2,2021-12-31,2022-01-01,2022-12-31,2023-01-01,2023-12-31,0.25,False,0.0,-0.26826789411672614,0.26826789411672614,0.0,,,,True,0,0,0,0,,0,0,0
wf_2023,validation,default_1_5x_stop_3x_tp_10d,baseline,random_forest,isotonic,no_quality_rank_filter,,default_1pct,index_etfs_only,"QQQ,SPY",2,2021-12-31,2022-01-01,2022-12-31,2023-01-01,2023-12-31,0.3,False,0.0,-0.26826789411672614,0.26826789411672614,0.0,,,,True,0,0,0,0,,0,0,0
wf_2023,validation,default_1_5x_stop_3x_tp_10d,baseline,random_forest,isotonic,no_quality_rank_filter,,default_1pct,index_etfs_only,"QQQ,SPY",2,2021-12-31,2022-01-01,2022-12-31,2023-01-01,2023-12-31,0.35,False,0.0,-0.26826789411672614,0.26826789411672614,0.0,,,,True,0,0,0,0,,0,0,0
wf_2023,validation,default_1_5x_stop_3x_tp_10d,baseline,random_forest,isotonic,no_quality_rank_filter,,default_1pct,index_etfs_only,"QQQ,SPY",2,2021-12-31,2022-01-01,2022-12-31,2023-01-01,2023-12-31,0.4,False,0.0,-0.26826789411672614,0.26826789411672614,0.0,,,,True,0,0,0,0,,0,0,0
wf_2023,validation,default_1_5x_stop_3x_tp_10d,baseline,random_forest,isotonic,no_quality_rank_filter,,default_1pct,index_etfs_only,"QQQ,SPY",2,2021-12-31,2022-01-01,2022-12-31,2023-01-01,2023-12-31,0.45,False,0.0,-0.26826789411672614,0.26826789411672614,0.0,,,,True,0,0,0,0,,0,0,0
wf_2023,test,default_1_5x_stop_3x_tp_10d,baseline,random_forest,raw,no_quality_rank_filter,,default_1pct,large_cap_stocks_only,"AAPL,AMD,AMZN,GOOGL,META,MSFT,NVDA,TSLA",8,2021-12-31,2022-01-01,2022-12-31,2023-01-01,2023-12-31,0.45,True,0.055933978747180674,1.168131203196476,-1.1121972244492955,-0.031207219913807843,1.0713047727981313,3.5845510801888594,0.6281746031746032,False,588,0,588,564,0.01,404,8,122
wf_2024,validation,default_1_5x_stop_3x_tp_10d,baseline,random_forest,raw,no_quality_rank_filter,,default_1pct,all_symbols,"AAPL,AMD,AMZN,GOOGL,META,MSFT,NVDA,QQQ,SPY,TSLA",10,2022-12-31,2023-01-01,2023-12-31,2024-01-01,2024-12-31,0.45,False,0.06537111599817447,1.014156881606099,-0.9487857656079246,-0.03072408619991529,1.252658993790125,2.41715231498284,0.6057771519098749,False,811,0,811,783,0.009999999999999998,519,10,160
wf_2024,validation,default_1_5x_stop_3x_tp_10d,baseline,random_forest,raw,no_quality_rank_filter,,default_1pct,all_symbols,"AAPL,AMD,AMZN,GOOGL,META,MSFT,NVDA,QQQ,SPY,TSLA",10,2022-12-31,2023-01-01,2023-12-31,2024-01-01,2024-12-31,0.5,False,0.03275056944473411,1.014156881606099,-0.9814063121613652,-0.030024929985140846,0.6611926654989368,2.6270544450107396,0.5149428104575163,False,518,0,518,499,0.01,329,10,106
wf_2024,validation,default_1_5x_stop_3x_tp_10d,baseline,random_forest,raw,no_quality_rank_filter,,default_1pct,all_symbols,"AAPL,AMD,AMZN,GOOGL,META,MSFT,NVDA,QQQ,SPY,TSLA",10,2022-12-31,2023-01-01,2023-12-31,2024-01-01,2024-12-31,0.55,False,0.024110027658246692,1.014156881606099,-0.9900468539478524,-0.018003404702717107,0.7643373271981945,3.5590674648280616,0.6579520697167757,False,191,0,191,184,0.009999999999999998,132,9,51
wf_2024,validation,default_1_5x_stop_3x_tp_10d,baseline,random_forest,raw,no_quality_rank_filter,,default_1pct,all_symbols,"AAPL,AMD,AMZN,GOOGL,META,MSFT,NVDA,QQQ,SPY,TSLA",10,2022-12-31,2023-01-01,2023-12-31,2024-01-01,2024-12-31,0.6,False,-0.0015114328404888075,1.014156881606099,-1.0156683144465881,-0.015936089474115556,-0.21031470151571555,0.6280671796117582,0.45,False,50,0,50,48,0.01,39,8,23
wf_2024,validation,default_1_5x_stop_3x_tp_10d,baseline,random_forest,raw,no_quality_rank_filter,,default_1pct,all_symbols,"AAPL,AMD,AMZN,GOOGL,META,MSFT,NVDA,QQQ,SPY,TSLA",10,2022-12-31,2023-01-01,2023-12-31,2024-01-01,2024-12-31,0.65,False,0.0011298037536848714,1.014156881606099,-1.0130270778524142,-0.0036848524826770925,0.35668064025989177,1.8581789384692564,0.8,False,23,0,23,23,0.010000000000000004,17,2,6
wf_2024,validation,default_1_5x_stop_3x_tp_10d,baseline,random_forest,raw,no_quality_rank_filter,,default_1pct,all_symbols,"AAPL,AMD,AMZN,GOOGL,META,MSFT,NVDA,QQQ,SPY,TSLA",10,2022-12-31,2023-01-01,2023-12-31,2024-01-01,2024-12-31,0.7,False,9.210770018004393e-05,1.014156881606099,-1.014064773905919,-0.0017401410037605203,0.060889549629970535,0.0,0.5,False,4,0,4,4,0.01,3,2,2
wf_2024,validation,default_1_5x_stop_3x_tp_10d,baseline,random_forest,raw,no_quality_rank_filter,,default_1pct,top_7_by_validation_strategy,"AAPL,AMD,AMZN,GOOGL,META,MSFT,QQQ",7,2022-12-31,2023-01-01,2023-12-31,2024-01-01,2024-12-31,0.45,False,0.08092852219465872,0.8764836852994805,-0.7955551631048218,-0.028110237637113542,1.4936139907704062,2.667623840710005,0.6178458967932652,False,570,0,570,552,0.009999999999999998,373,7,114
wf_2024,validation,default_1_5x_stop_3x_tp_10d,baseline,random_forest,raw,no_quality_rank_filter,,default_1pct,top_7_by_validation_strategy,"AAPL,AMD,AMZN,GOOGL,META,NVDA,SPY",7,2022-12-31,2023-01-01,2023-12-31,2024-01-01,2024-12-31,0.5,False,0.04260499760005766,1.1035685080981203,-1.0609635104980626,-0.03155926232612844,0.8451653561187324,2.384514264594805,0.5587618380685608,False,470,0,470,454,0.009999999999999998,302,7,95
wf_2024,validation,default_1_5x_stop_3x_tp_10d,baseline,random_forest,raw,no_quality_rank_filter,,default_1pct,top_7_by_validation_strategy,"AAPL,GOOGL,NVDA,SPY",4,2022-12-31,2023-01-01,2023-12-31,2024-01-01,2024-12-31,0.55,False,0.024859755767664207,0.9535964287300622,-0.9287366729623979,-0.026438921681764233,0.5330584927013958,1.6167547747196025,0.5637254901960784,False,155,0,155,153,0.009999999999999998,101,4,39
wf_2024,validation,default_1_5x_stop_3x_tp_10d,baseline,random_forest,raw,no_quality_rank_filter,,default_1pct,top_7_by_validation_strategy,"AAPL,NVDA",2,2022-12-31,2023-01-01,2023-12-31,2024-01-01,2024-12-31,0.6,False,0.006786885187739754,1.4994130651568445,-1.4926261799691047,-0.029813265530573566,0.3233162189288998,1.3497809161440322,0.55,False,35,0,35,35,0.01,27,2,15
wf_2024,validation,default_1_5x_stop_3x_tp_10d,baseline,random_forest,raw,no_quality_rank_filter,,default_1pct,top_7_by_validation_strategy,NVDA,1,2022-12-31,2023-01-01,2023-12-31,2024-01-01,2024-12-31,0.65,False,0.005120952902067802,2.45944818796878,-2.4543272350667125,-0.02775696998760868,0.18142091482257694,1.8581789384692564,0.6,False,19,0,19,19,0.010000000000000002,14,1,5
wf_2024,validation,default_1_5x_stop_3x_tp_10d,baseline,random_forest,raw,no_quality_rank_filter,,default_1pct,top_7_by_validation_strategy,"AAPL,AMD,AMZN,GOOGL,META,MSFT,NVDA,QQQ,SPY,TSLA",10,2022-12-31,2023-01-01,2023-12-31,2024-01-01,2024-12-31,0.7,False,9.210770018004393e-05,1.014156881606099,-1.014064773905919,-0.0017401410037605203,0.060889549629970535,0.0,0.5,False,4,0,4,4,0.01,3,2,2
wf_2024,validation,default_1_5x_stop_3x_tp_10d,baseline,random_forest,raw,no_quality_rank_filter,,default_1pct,top_5_by_validation_strategy,"AAPL,AMD,AMZN,MSFT,QQQ",5,2022-12-31,2023-01-01,2023-12-31,2024-01-01,2024-12-31,0.45,False,0.09283745741000582,0.7460733007249408,-0.653235843314935,-0.02603622556073635,1.7371747719526884,2.947667217604306,0.6520287899235268,False,423,0,423,412,0.009999999999999997,276,5,82
wf_2024,validation,default_1_5x_stop_3x_tp_10d,baseline,random_forest,raw,no_quality_rank_filter,,default_1pct,top_5_by_validation_strategy,"AAPL,AMD,AMZN,GOOGL,META",5,2022-12-31,2023-01-01,2023-12-31,2024-01-01,2024-12-31,0.5,False,0.05138617854078838,1.0034817853149207,-0.9520956067741322,-0.026914719455519688,1.007744696895356,2.7954247981046123,0.5789052287581699,False,338,0,338,325,0.009999999999999998,236,5,64
wf_2024,validation,default_1_5x_stop_3x_tp_10d,baseline,random_forest,raw,no_quality_rank_filter,,default_1pct,top_5_by_validation_strategy,"AAPL,GOOGL,NVDA,SPY",4,2022-12-31,2023-01-01,2023-12-31,2024-01-01,2024-12-31,0.55,False,0.024859755767664207,0.9535964287300622,-0.9287366729623979,-0.026438921681764233,0.5330584927013958,1.6167547747196025,0.5637254901960784,False,155,0,155,153,0.009999999999999998,101,4,39
wf_2024,validation,default_1_5x_stop_3x_tp_10d,baseline,random_forest,raw,no_quality_rank_filter,,default_1pct,top_5_by_validation_strategy,"AAPL,NVDA",2,2022-12-31,2023-01-01,2023-12-31,2024-01-01,2024-12-31,0.6,False,0.006786885187739754,1.4994130651568445,-1.4926261799691047,-0.029813265530573566,0.3233162189288998,1.3497809161440322,0.55,False,35,0,35,35,0.01,27,2,15
wf_2024,validation,default_1_5x_stop_3x_tp_10d,baseline,random_forest,raw,no_quality_rank_filter,,default_1pct,top_5_by_validation_strategy,NVDA,1,2022-12-31,2023-01-01,2023-12-31,2024-01-01,2024-12-31,0.65,False,0.005120952902067802,2.45944818796878,-2.4543272350667125,-0.02775696998760868,0.18142091482257694,1.8581789384692564,0.6,False,19,0,19,19,0.010000000000000002,14,1,5
wf_2024,validation,default_1_5x_stop_3x_tp_10d,baseline,random_forest,raw,no_quality_rank_filter,,default_1pct,top_5_by_validation_strategy,"AAPL,AMD,AMZN,GOOGL,META,MSFT,NVDA,QQQ,SPY,TSLA",10,2022-12-31,2023-01-01,2023-12-31,2024-01-01,2024-12-31,0.7,False,9.210770018004393e-05,1.014156881606099,-1.014064773905919,-0.0017401410037605203,0.060889549629970535,0.0,0.5,False,4,0,4,4,0.01,3,2,2
wf_2024,validation,default_1_5x_stop_3x_tp_10d,baseline,random_forest,raw,no_quality_rank_filter,,default_1pct,top_3_by_validation_strategy,"AMD,MSFT,QQQ",3,2022-12-31,2023-01-01,2023-12-31,2024-01-01,2024-12-31,0.45,False,0.10476142393164865,0.8068462493099021,-0.7020848253782535,-0.023518876698182756,2.045123114099564,3.5118295384248412,0.6937321937321936,False,165,0,165,160,0.01,101,3,43
wf_2024,validation,default_1_5x_stop_3x_tp_10d,baseline,random_forest,raw,no_quality_rank_filter,,default_1pct,top_3_by_validation_strategy,"AMZN,GOOGL,META",3,2022-12-31,2023-01-01,2023-12-31,2024-01-01,2024-12-31,0.5,False,0.05613230208331064,1.0584897022739164,-1.0023574001906057,-0.027582738263241386,1.014139756730675,2.8758133474028784,0.5835784313725491,False,190,0,190,182,0.009999999999999998,127,3,38
wf_2024,validation,default_1_5x_stop_3x_tp_10d,baseline,random_forest,raw,no_quality_rank_filter,,default_1pct,top_3_by_validation_strategy,"AAPL,NVDA,SPY",3,2022-12-31,2023-01-01,2023-12-31,2024-01-01,2024-12-31,0.55,False,0.03547057715705319,1.0823161908190493,-1.046845613661996,-0.02603642860449588,0.7851540972712757,1.856901359463779,0.6183006535947713,False,146,0,146,144,0.01,96,3,34
wf_2024,validation,default_1_5x_stop_3x_tp_10d,baseline,random_forest,raw,no_quality_rank_filter,,default_1pct,top_3_by_validation_strategy,"AAPL,NVDA",2,2022-12-31,2023-01-01,2023-12-31,2024-01-01,2024-12-31,0.6,False,0.006786885187739754,1.4994130651568445,-1.4926261799691047,-0.029813265530573566,0.3233162189288998,1.3497809161440322,0.55,False,35,0,35,35,0.01,27,2,15
wf_2024,validation,default_1_5x_stop_3x_tp_10d,baseline,random_forest,raw,no_quality_rank_filter,,default_1pct,top_3_by_validation_strategy,NVDA,1,2022-12-31,2023-01-01,2023-12-31,2024-01-01,2024-12-31,0.65,False,0.005120952902067802,2.45944818796878,-2.4543272350667125,-0.02775696998760868,0.18142091482257694,1.8581789384692564,0.6,False,19,0,19,19,0.010000000000000002,14,1,5
wf_2024,validation,default_1_5x_stop_3x_tp_10d,baseline,random_forest,raw,no_quality_rank_filter,,default_1pct,top_3_by_validation_strategy,"AAPL,AMD,AMZN,GOOGL,META,MSFT,NVDA,QQQ,SPY,TSLA",10,2022-12-31,2023-01-01,2023-12-31,2024-01-01,2024-12-31,0.7,False,9.210770018004393e-05,1.014156881606099,-1.014064773905919,-0.0017401410037605203,0.060889549629970535,0.0,0.5,False,4,0,4,4,0.01,3,2,2
wf_2024,validation,default_1_5x_stop_3x_tp_10d,baseline,random_forest,raw,no_quality_rank_filter,,default_1pct,top_5_by_validation_excess,"AAPL,GOOGL,MSFT,QQQ,SPY",5,2022-12-31,2023-01-01,2023-12-31,2024-01-01,2024-12-31,0.45,False,0.07467445980081337,0.49458287949464586,-0.4199084196938324,-0.03235426960452348,1.3906244327907367,2.3577651497489485,0.6073887617594711,False,467,0,467,455,0.01,279,5,92
wf_2024,validation,default_1_5x_stop_3x_tp_10d,baseline,random_forest,raw,no_quality_rank_filter,,default_1pct,top_5_by_validation_excess,"AAPL,AMZN,GOOGL,QQQ,SPY",5,2022-12-31,2023-01-01,2023-12-31,2024-01-01,2024-12-31,0.5,False,0.036501442982542355,0.5347568177294564,-0.498255374746914,-0.035828364408272285,0.7235363450070211,1.6442849847317813,0.5477941176470588,False,375,0,375,366,0.009999999999999998,222,5,71
wf_2024,validation,default_1_5x_stop_3x_tp_10d,baseline,random_forest,raw,no_quality_rank_filter,,default_1pct,top_5_by_validation_excess,"AAPL,GOOGL,NVDA,SPY",4,2022-12-31,2023-01-01,2023-12-31,2024-01-01,2024-12-31,0.55,False,0.024859755767664207,0.9535964287300622,-0.9287366729623979,-0.026438921681764233,0.5330584927013958,1.6167547747196025,0.5637254901960784,False,155,0,155,153,0.009999999999999998,101,4,39
wf_2024,validation,default_1_5x_stop_3x_tp_10d,baseline,random_forest,raw,no_quality_rank_filter,,default_1pct,top_5_by_validation_excess,"AAPL,NVDA",2,2022-12-31,2023-01-01,2023-12-31,2024-01-01,2024-12-31,0.6,False,0.006786885187739754,1.4994130651568445,-1.4926261799691047,-0.029813265530573566,0.3233162189288998,1.3497809161440322,0.55,False,35,0,35,35,0.01,27,2,15
wf_2024,validation,default_1_5x_stop_3x_tp_10d,baseline,random_forest,raw,no_quality_rank_filter,,default_1pct,top_5_by_validation_excess,NVDA,1,2022-12-31,2023-01-01,2023-12-31,2024-01-01,2024-12-31,0.65,False,0.005120952902067802,2.45944818796878,-2.4543272350667125,-0.02775696998760868,0.18142091482257694,1.8581789384692564,0.6,False,19,0,19,19,0.010000000000000002,14,1,5
wf_2024,validation,default_1_5x_stop_3x_tp_10d,baseline,random_forest,raw,no_quality_rank_filter,,default_1pct,top_5_by_validation_excess,"AAPL,AMD,AMZN,GOOGL,META,MSFT,NVDA,QQQ,SPY,TSLA",10,2022-12-31,2023-01-01,2023-12-31,2024-01-01,2024-12-31,0.7,False,9.210770018004393e-05,1.014156881606099,-1.014064773905919,-0.0017401410037605203,0.060889549629970535,0.0,0.5,False,4,0,4,4,0.01,3,2,2
wf_2024,validation,default_1_5x_stop_3x_tp_10d,baseline,random_forest,raw,no_quality_rank_filter,,default_1pct,top_5_by_validation_sharpe,"AAPL,AMD,AMZN,MSFT,QQQ",5,2022-12-31,2023-01-01,2023-12-31,2024-01-01,2024-12-31,0.45,False,0.09283745741000582,0.7460733007249408,-0.653235843314935,-0.02603622556073635,1.7371747719526884,2.947667217604306,0.6520287899235268,False,423,0,423,412,0.009999999999999997,276,5,82
wf_2024,validation,default_1_5x_stop_3x_tp_10d,baseline,random_forest,raw,no_quality_rank_filter,,default_1pct,top_5_by_validation_sharpe,"AAPL,AMD,AMZN,GOOGL,META",5,2022-12-31,2023-01-01,2023-12-31,2024-01-01,2024-12-31,0.5,False,0.05138617854078838,1.0034817853149207,-0.9520956067741322,-0.026914719455519688,1.007744696895356,2.7954247981046123,0.5789052287581699,False,338,0,338,325,0.009999999999999998,236,5,64
wf_2024,validation,default_1_5x_stop_3x_tp_10d,baseline,random_forest,raw,no_quality_rank_filter,,default_1pct,top_5_by_validation_sharpe,"AAPL,GOOGL,NVDA,SPY",4,2022-12-31,2023-01-01,2023-12-31,2024-01-01,2024-12-31,0.55,False,0.024859755767664207,0.9535964287300622,-0.9287366729623979,-0.026438921681764233,0.5330584927013958,1.6167547747196025,0.5637254901960784,False,155,0,155,153,0.009999999999999998,101,4,39
wf_2024,validation,default_1_5x_stop_3x_tp_10d,baseline,random_forest,raw,no_quality_rank_filter,,default_1pct,top_5_by_validation_sharpe,"AAPL,NVDA",2,2022-12-31,2023-01-01,2023-12-31,2024-01-01,2024-12-31,0.6,False,0.006786885187739754,1.4994130651568445,-1.4926261799691047,-0.029813265530573566,0.3233162189288998,1.3497809161440322,0.55,False,35,0,35,35,0.01,27,2,15
wf_2024,validation,default_1_5x_stop_3x_tp_10d,baseline,random_forest,raw,no_quality_rank_filter,,default_1pct,top_5_by_validation_sharpe,NVDA,1,2022-12-31,2023-01-01,2023-12-31,2024-01-01,2024-12-31,0.65,False,0.005120952902067802,2.45944818796878,-2.4543272350667125,-0.02775696998760868,0.18142091482257694,1.8581789384692564,0.6,False,19,0,19,19,0.010000000000000002,14,1,5
wf_2024,validation,default_1_5x_stop_3x_tp_10d,baseline,random_forest,raw,no_quality_rank_filter,,default_1pct,top_5_by_validation_sharpe,"AAPL,AMD,AMZN,GOOGL,META,MSFT,NVDA,QQQ,SPY,TSLA",10,2022-12-31,2023-01-01,2023-12-31,2024-01-01,2024-12-31,0.7,False,9.210770018004393e-05,1.014156881606099,-1.014064773905919,-0.0017401410037605203,0.060889549629970535,0.0,0.5,False,4,0,4,4,0.01,3,2,2
wf_2024,validation,default_1_5x_stop_3x_tp_10d,baseline,random_forest,raw,no_quality_rank_filter,,default_1pct,positive_validation_strategy,"AAPL,AMD,AMZN,GOOGL,META,MSFT,NVDA,QQQ,SPY,TSLA",10,2022-12-31,2023-01-01,2023-12-31,2024-01-01,2024-12-31,0.45,False,0.06537111599817447,1.014156881606099,-0.9487857656079246,-0.03072408619991529,1.252658993790125,2.41715231498284,0.6057771519098749,False,811,0,811,783,0.009999999999999998,519,10,160
wf_2024,validation,default_1_5x_stop_3x_tp_10d,baseline,random_forest,raw,no_quality_rank_filter,,default_1pct,positive_validation_strategy,"AAPL,AMD,AMZN,GOOGL,META,NVDA,QQQ,SPY",8,2022-12-31,2023-01-01,2023-12-31,2024-01-01,2024-12-31,0.5,False,0.03919266602468263,1.0341720381290709,-0.9949793721043881,-0.03211579389465255,0.7935222195616314,2.245308906776351,0.5603451797385621,False,497,0,497,481,0.010000000000000002,310,8,102
wf_2024,validation,default_1_5x_stop_3x_tp_10d,baseline,random_forest,raw,no_quality_rank_filter,,default_1pct,positive_validation_strategy,"AAPL,NVDA,SPY",3,2022-12-31,2023-01-01,2023-12-31,2024-01-01,2024-12-31,0.55,False,0.03547057715705319,1.0823161908190493,-1.046845613661996,-0.02603642860449588,0.7851540972712757,1.856901359463779,0.6183006535947713,False,146,0,146,144,0.01,96,3,34
wf_2024,validation,default_1_5x_stop_3x_tp_10d,baseline,random_forest,raw,no_quality_rank_filter,,default_1pct,positive_validation_strategy,AAPL,1,2022-12-31,2023-01-01,2023-12-31,2024-01-01,2024-12-31,0.6,False,0.024580157326878398,0.5393779423449088,-0.5147977850180304,-0.013841508928838842,0.9375681130346605,1.6754969380410778,0.6,False,7,0,7,7,0.01,4,1,5
wf_2024,validation,default_1_5x_stop_3x_tp_10d,baseline,random_forest,raw,no_quality_rank_filter,,default_1pct,positive_validation_strategy,NVDA,1,2022-12-31,2023-01-01,2023-12-31,2024-01-01,2024-12-31,0.65,False,0.005120952902067802,2.45944818796878,-2.4543272350667125,-0.02775696998760868,0.18142091482257694,1.8581789384692564,0.6,False,19,0,19,19,0.010000000000000002,14,1,5
wf_2024,validation,default_1_5x_stop_3x_tp_10d,baseline,random_forest,raw,no_quality_rank_filter,,default_1pct,positive_validation_strategy,"AAPL,AMD,AMZN,GOOGL,META,MSFT,NVDA,QQQ,SPY,TSLA",10,2022-12-31,2023-01-01,2023-12-31,2024-01-01,2024-12-31,0.7,False,9.210770018004393e-05,1.014156881606099,-1.014064773905919,-0.0017401410037605203,0.060889549629970535,0.0,0.5,False,4,0,4,4,0.01,3,2,2
wf_2024,validation,default_1_5x_stop_3x_tp_10d,baseline,random_forest,raw,no_quality_rank_filter,,default_1pct,large_cap_stocks_only,"AAPL,AMD,AMZN,GOOGL,META,MSFT,NVDA,TSLA",8,2022-12-31,2023-01-01,2023-12-31,2024-01-01,2024-12-31,0.45,False,0.06067330671863294,1.168131203196476,-1.1074578964778432,-0.02898114803406504,1.1874930480534311,2.448336433463176,0.6017262708052181,False,608,0,608,585,0.01,415,8,119
wf_2024,validation,default_1_5x_stop_3x_tp_10d,baseline,random_forest,raw,no_quality_rank_filter,,default_1pct,large_cap_stocks_only,"AAPL,AMD,AMZN,GOOGL,META,MSFT,NVDA,TSLA",8,2022-12-31,2023-01-01,2023-12-31,2024-01-01,2024-12-31,0.5,False,0.03585733004715144,1.168131203196476,-1.1322738731493247,-0.02751980145364223,0.7016929331220971,2.9428868764210776,0.5186785130718954,False,438,0,438,419,0.009999999999999998,305,8,85
wf_2024,validation,default_1_5x_stop_3x_tp_10d,baseline,random_forest,raw,no_quality_rank_filter,,default_1pct,large_cap_stocks_only,"AAPL,AMD,AMZN,GOOGL,META,MSFT,NVDA,TSLA",8,2022-12-31,2023-01-01,2023-12-31,2024-01-01,2024-12-31,0.55,False,0.025642119554965103,1.168131203196476,-1.142489083641511,-0.01895242301600837,0.7886039018713727,3.8485933276544473,0.6173669467787114,False,176,0,176,169,0.009999999999999998,131,7,44
wf_2024,validation,default_1_5x_stop_3x_tp_10d,baseline,random_forest,raw,no_quality_rank_filter,,default_1pct,large_cap_stocks_only,"AAPL,AMD,AMZN,GOOGL,META,MSFT,NVDA,TSLA",8,2022-12-31,2023-01-01,2023-12-31,2024-01-01,2024-12-31,0.6,False,-0.0018542362973333914,1.168131203196476,-1.1699854394938096,-0.017554188164422627,-0.23897164248009636,0.5399123664576129,0.4428571428571429,False,48,0,48,46,0.01,39,7,21
wf_2024,validation,default_1_5x_stop_3x_tp_10d,baseline,random_forest,raw,no_quality_rank_filter,,default_1pct,large_cap_stocks_only,"AAPL,AMD,AMZN,GOOGL,META,MSFT,NVDA,TSLA",8,2022-12-31,2023-01-01,2023-12-31,2024-01-01,2024-12-31,0.65,False,0.0014122546921060894,1.168131203196476,-1.16671894850437,-0.004606065603346365,0.35668064025989177,1.8581789384692564,0.8,False,23,0,23,23,0.010000000000000004,17,2,6
wf_2024,validation,default_1_5x_stop_3x_tp_10d,baseline,random_forest,raw,no_quality_rank_filter,,default_1pct,large_cap_stocks_only,"AAPL,AMD,AMZN,GOOGL,META,MSFT,NVDA,TSLA",8,2022-12-31,2023-01-01,2023-12-31,2024-01-01,2024-12-31,0.7,False,0.00011513462522505491,1.168131203196476,-1.168016068571251,-0.0021751762547006503,0.060889549629970535,0.0,0.5,False,4,0,4,4,0.01,3,2,2
wf_2024,validation,default_1_5x_stop_3x_tp_10d,baseline,random_forest,raw,no_quality_rank_filter,,default_1pct,index_etfs_only,"QQQ,SPY",2,2022-12-31,2023-01-01,2023-12-31,2024-01-01,2024-12-31,0.45,False,0.0841623531163406,0.3982595952445914,-0.31409724212825085,-0.03769583886331629,1.5133227767368993,2.292415841061497,0.6219806763285023,False,203,0,203,198,0.009999999999999998,104,2,41
wf_2024,validation,default_1_5x_stop_3x_tp_10d,baseline,random_forest,raw,no_quality_rank_filter,,default_1pct,index_etfs_only,"QQQ,SPY",2,2022-12-31,2023-01-01,2023-12-31,2024-01-01,2024-12-31,0.5,False,0.02032352703506476,0.3982595952445914,-0.3779360682095267,-0.04004544411113531,0.4991915950062951,1.3637247193693902,0.5,False,80,0,80,80,0.009999999999999998,24,2,21
wf_2024,validation,default_1_5x_stop_3x_tp_10d,baseline,random_forest,raw,no_quality_rank_filter,,default_1pct,index_etfs_only,"QQQ,SPY",2,2022-12-31,2023-01-01,2023-12-31,2024-01-01,2024-12-31,0.55,False,0.017981660071373046,0.3982595952445914,-0.3802779351732184,-0.014207331449552052,0.6794043158420701,1.8219122878697473,0.8,False,15,0,15,15,0.01,1,2,7
wf_2024,validation,default_1_5x_stop_3x_tp_10d,baseline,random_forest,raw,no_quality_rank_filter,,default_1pct,index_etfs_only,"QQQ,SPY",2,2022-12-31,2023-01-01,2023-12-31,2024-01-01,2024-12-31,0.6,False,-0.00014021901311047258,0.3982595952445914,-0.3983998142577019,-0.009463694712887272,-0.009716114765049836,1.0688412453824852,0.5,False,2,0,2,2,0.01,0,1,2
wf_2024,validation,default_1_5x_stop_3x_tp_10d,baseline,random_forest,raw,no_quality_rank_filter,,default_1pct,index_etfs_only,"QQQ,SPY",2,2022-12-31,2023-01-01,2023-12-31,2024-01-01,2024-12-31,0.65,False,0.0,0.3982595952445914,-0.3982595952445914,0.0,,,,False,0,0,0,0,,0,0,0
wf_2024,validation,default_1_5x_stop_3x_tp_10d,baseline,random_forest,raw,no_quality_rank_filter,,default_1pct,index_etfs_only,"QQQ,SPY",2,2022-12-31,2023-01-01,2023-12-31,2024-01-01,2024-12-31,0.7,False,0.0,0.3982595952445914,-0.3982595952445914,0.0,,,,False,0,0,0,0,,0,0,0
wf_2024,validation,default_1_5x_stop_3x_tp_10d,baseline,random_forest,isotonic,no_quality_rank_filter,,default_1pct,all_symbols,"AAPL,AMD,AMZN,GOOGL,META,MSFT,NVDA,QQQ,SPY,TSLA",10,2022-12-31,2023-01-01,2023-12-31,2024-01-01,2024-12-31,0.15,False,0.0772309447237062,1.014156881606099,-0.9369259368823931,-0.032310400404643155,1.2985447394205634,2.331649364354944,0.6124720454983613,False,1145,0,1145,1108,0.01,748,10,190
wf_2024,validation,default_1_5x_stop_3x_tp_10d,baseline,random_forest,isotonic,no_quality_rank_filter,,default_1pct,all_symbols,"AAPL,AMD,AMZN,GOOGL,META,MSFT,NVDA,QQQ,SPY,TSLA",10,2022-12-31,2023-01-01,2023-12-31,2024-01-01,2024-12-31,0.2,False,0.0772309447237062,1.014156881606099,-0.9369259368823931,-0.032310400404643155,1.2985447394205634,2.331649364354944,0.6124720454983613,False,1145,0,1145,1108,0.01,748,10,190
wf_2024,validation,default_1_5x_stop_3x_tp_10d,baseline,random_forest,isotonic,no_quality_rank_filter,,default_1pct,all_symbols,"AAPL,AMD,AMZN,GOOGL,META,MSFT,NVDA,QQQ,SPY,TSLA",10,2022-12-31,2023-01-01,2023-12-31,2024-01-01,2024-12-31,0.25,False,0.07930450732098424,1.014156881606099,-0.9348523742851149,-0.0303554643361705,1.3631230221137085,2.625419386899133,0.6186691662310857,False,1077,0,1077,1042,0.01,699,10,183
wf_2024,validation,default_1_5x_stop_3x_tp_10d,baseline,random_forest,isotonic,no_quality_rank_filter,,default_1pct,all_symbols,"AAPL,AMD,AMZN,GOOGL,META,MSFT,NVDA,QQQ,SPY,TSLA",10,2022-12-31,2023-01-01,2023-12-31,2024-01-01,2024-12-31,0.3,False,0.027483153403634684,1.014156881606099,-0.9866737282024645,-0.015777980741033825,0.9231012901309792,3.8838598106442355,0.6749999999999999,False,140,0,140,133,0.01,94,9,40
wf_2024,validation,default_1_5x_stop_3x_tp_10d,baseline,random_forest,isotonic,no_quality_rank_filter,,default_1pct,all_symbols,"AAPL,AMD,AMZN,GOOGL,META,MSFT,NVDA,QQQ,SPY,TSLA",10,2022-12-31,2023-01-01,2023-12-31,2024-01-01,2024-12-31,0.35,False,0.0,1.014156881606099,-1.014156881606099,0.0,,,,False,0,0,0,0,,0,0,0
wf_2024,validation,default_1_5x_stop_3x_tp_10d,baseline,random_forest,isotonic,no_quality_rank_filter,,default_1pct,all_symbols,"AAPL,AMD,AMZN,GOOGL,META,MSFT,NVDA,QQQ,SPY,TSLA",10,2022-12-31,2023-01-01,2023-12-31,2024-01-01,2024-12-31,0.4,False,0.0,1.014156881606099,-1.014156881606099,0.0,,,,False,0,0,0,0,,0,0,0
wf_2024,validation,default_1_5x_stop_3x_tp_10d,baseline,random_forest,isotonic,no_quality_rank_filter,,default_1pct,all_symbols,"AAPL,AMD,AMZN,GOOGL,META,MSFT,NVDA,QQQ,SPY,TSLA",10,2022-12-31,2023-01-01,2023-12-31,2024-01-01,2024-12-31,0.45,False,0.0,1.014156881606099,-1.014156881606099,0.0,,,,False,0,0,0,0,,0,0,0
wf_2024,validation,default_1_5x_stop_3x_tp_10d,baseline,random_forest,isotonic,no_quality_rank_filter,,default_1pct,top_7_by_validation_strategy,"AAPL,AMD,AMZN,META,QQQ,SPY,TSLA",7,2022-12-31,2023-01-01,2023-12-31,2024-01-01,2024-12-31,0.15,False,0.09416491759247529,0.935014766207582,-0.8408498486151067,-0.03269084358920671,1.5549099259640395,2.640611073880583,0.6331054284061803,False,838,0,838,813,0.009999999999999998,556,7,131
wf_2024,validation,default_1_5x_stop_3x_tp_10d,baseline,random_forest,isotonic,no_quality_rank_filter,,default_1pct,top_7_by_validation_strategy,"AAPL,AMD,AMZN,META,QQQ,SPY,TSLA",7,2022-12-31,2023-01-01,2023-12-31,2024-01-01,2024-12-31,0.2,False,0.09416491759247529,0.935014766207582,-0.8408498486151067,-0.03269084358920671,1.5549099259640395,2.640611073880583,0.6331054284061803,False,838,0,838,813,0.009999999999999998,556,7,131
wf_2024,validation,default_1_5x_stop_3x_tp_10d,baseline,random_forest,isotonic,no_quality_rank_filter,,default_1pct,top_7_by_validation_strategy,"AAPL,AMD,AMZN,META,QQQ,SPY,TSLA",7,2022-12-31,2023-01-01,2023-12-31,2024-01-01,2024-12-31,0.25,False,0.09681406880833689,0.935014766207582,-0.838200697399245,-0.030633765158513442,1.6424542997130556,3.06590071630269,0.6385570974801403,False,788,0,788,765,0.009999999999999998,516,7,125
wf_2024,validation,default_1_5x_stop_3x_tp_10d,baseline,random_forest,isotonic,no_quality_rank_filter,,default_1pct,top_7_by_validation_strategy,"AAPL,NVDA",2,2022-12-31,2023-01-01,2023-12-31,2024-01-01,2024-12-31,0.3,False,0.0500873854126846,1.4994130651568445,-1.4493256797441598,-0.027212293294538725,1.1363419887212023,2.789902021843692,0.5791666666666666,False,97,0,97,95,0.009999999999999998,64,2,23
wf_2024,validation,default_1_5x_stop_3x_tp_10d,baseline,random_forest,isotonic,no_quality_rank_filter,,default_1pct,top_7_by_validation_strategy,"AAPL,AMD,AMZN,GOOGL,META,MSFT,NVDA,QQQ,SPY,TSLA",10,2022-12-31,2023-01-01,2023-12-31,2024-01-01,2024-12-31,0.35,False,0.0,1.014156881606099,-1.014156881606099,0.0,,,,False,0,0,0,0,,0,0,0
wf_2024,validation,default_1_5x_stop_3x_tp_10d,baseline,random_forest,isotonic,no_quality_rank_filter,,default_1pct,top_7_by_validation_strategy,"AAPL,AMD,AMZN,GOOGL,META,MSFT,NVDA,QQQ,SPY,TSLA",10,2022-12-31,2023-01-01,2023-12-31,2024-01-01,2024-12-31,0.4,False,0.0,1.014156881606099,-1.014156881606099,0.0,,,,False,0,0,0,0,,0,0,0
wf_2024,validation,default_1_5x_stop_3x_tp_10d,baseline,random_forest,isotonic,no_quality_rank_filter,,default_1pct,top_7_by_validation_strategy,"AAPL,AMD,AMZN,GOOGL,META,MSFT,NVDA,QQQ,SPY,TSLA",10,2022-12-31,2023-01-01,2023-12-31,2024-01-01,2024-12-31,0.45,False,0.0,1.014156881606099,-1.014156881606099,0.0,,,,False,0,0,0,0,,0,0,0
wf_2024,validation,default_1_5x_stop_3x_tp_10d,baseline,random_forest,isotonic,no_quality_rank_filter,,default_1pct,top_5_by_validation_strategy,"AAPL,AMD,META,QQQ,SPY",5,2022-12-31,2023-01-01,2023-12-31,2024-01-01,2024-12-31,0.15,False,0.1072252389717255,0.8952082322501191,-0.7879829932783936,-0.03583454874722645,1.738439765625674,2.8450976556820917,0.6532706766917293,False,651,0,651,634,0.01,425,5,98
wf_2024,validation,default_1_5x_stop_3x_tp_10d,baseline,random_forest,isotonic,no_quality_rank_filter,,default_1pct,top_5_by_validation_strategy,"AAPL,AMD,META,QQQ,SPY",5,2022-12-31,2023-01-01,2023-12-31,2024-01-01,2024-12-31,0.2,False,0.1072252389717255,0.8952082322501191,-0.7879829932783936,-0.03583454874722645,1.738439765625674,2.8450976556820917,0.6532706766917293,False,651,0,651,634,0.01,425,5,98
wf_2024,validation,default_1_5x_stop_3x_tp_10d,baseline,random_forest,isotonic,no_quality_rank_filter,,default_1pct,top_5_by_validation_strategy,"AAPL,AMD,META,QQQ,SPY",5,2022-12-31,2023-01-01,2023-12-31,2024-01-01,2024-12-31,0.25,False,0.10635723677926642,0.8952082322501191,-0.7888509954708527,-0.0337990394004698,1.7492935133183753,2.873617848666264,0.6509177355152588,False,615,0,615,599,0.01,397,5,95
wf_2024,validation,default_1_5x_stop_3x_tp_10d,baseline,random_forest,isotonic,no_quality_rank_filter,,default_1pct,top_5_by_validation_strategy,"AAPL,NVDA",2,2022-12-31,2023-01-01,2023-12-31,2024-01-01,2024-12-31,0.3,False,0.0500873854126846,1.4994130651568445,-1.4493256797441598,-0.027212293294538725,1.1363419887212023,2.789902021843692,0.5791666666666666,False,97,0,97,95,0.009999999999999998,64,2,23
wf_2024,validation,default_1_5x_stop_3x_tp_10d,baseline,random_forest,isotonic,no_quality_rank_filter,,default_1pct,top_5_by_validation_strategy,"AAPL,AMD,AMZN,GOOGL,META,MSFT,NVDA,QQQ,SPY,TSLA",10,2022-12-31,2023-01-01,2023-12-31,2024-01-01,2024-12-31,0.35,False,0.0,1.014156881606099,-1.014156881606099,0.0,,,,False,0,0,0,0,,0,0,0
wf_2024,validation,default_1_5x_stop_3x_tp_10d,baseline,random_forest,isotonic,no_quality_rank_filter,,default_1pct,top_5_by_validation_strategy,"AAPL,AMD,AMZN,GOOGL,META,MSFT,NVDA,QQQ,SPY,TSLA",10,2022-12-31,2023-01-01,2023-12-31,2024-01-01,2024-12-31,0.4,False,0.0,1.014156881606099,-1.014156881606099,0.0,,,,False,0,0,0,0,,0,0,0
wf_2024,validation,default_1_5x_stop_3x_tp_10d,baseline,random_forest,isotonic,no_quality_rank_filter,,default_1pct,top_5_by_validation_strategy,"AAPL,AMD,AMZN,GOOGL,META,MSFT,NVDA,QQQ,SPY,TSLA",10,2022-12-31,2023-01-01,2023-12-31,2024-01-01,2024-12-31,0.45,False,0.0,1.014156881606099,-1.014156881606099,0.0,,,,False,0,0,0,0,,0,0,0
wf_2024,validation,default_1_5x_stop_3x_tp_10d,baseline,random_forest,isotonic,no_quality_rank_filter,,default_1pct,top_3_by_validation_strategy,"AAPL,META,QQQ",3,2022-12-31,2023-01-01,2023-12-31,2024-01-01,2024-12-31,0.15,False,0.11875183306302568,0.9751189472330637,-0.8563671141700381,-0.0369887693187592,1.8197645107458011,3.0827073571945696,0.6661654135338346,False,414,0,414,406,0.009999999999999997,276,3,60
wf_2024,validation,default_1_5x_stop_3x_tp_10d,baseline,random_forest,isotonic,no_quality_rank_filter,,default_1pct,top_3_by_validation_strategy,"AAPL,META,QQQ",3,2022-12-31,2023-01-01,2023-12-31,2024-01-01,2024-12-31,0.2,False,0.11875183306302568,0.9751189472330637,-0.8563671141700381,-0.0369887693187592,1.8197645107458011,3.0827073571945696,0.6661654135338346,False,414,0,414,406,0.009999999999999997,276,3,60
wf_2024,validation,default_1_5x_stop_3x_tp_10d,baseline,random_forest,isotonic,no_quality_rank_filter,,default_1pct,top_3_by_validation_strategy,"AAPL,META,QQQ",3,2022-12-31,2023-01-01,2023-12-31,2024-01-01,2024-12-31,0.25,False,0.11730516274226054,0.9751189472330637,-0.8578137844908031,-0.03359625374083145,1.837854090233636,3.13024101216819,0.6622438449063837,False,378,0,378,371,0.009999999999999998,248,3,57
wf_2024,validation,default_1_5x_stop_3x_tp_10d,baseline,random_forest,isotonic,no_quality_rank_filter,,default_1pct,top_3_by_validation_strategy,"AAPL,NVDA",2,2022-12-31,2023-01-01,2023-12-31,2024-01-01,2024-12-31,0.3,False,0.0500873854126846,1.4994130651568445,-1.4493256797441598,-0.027212293294538725,1.1363419887212023,2.789902021843692,0.5791666666666666,False,97,0,97,95,0.009999999999999998,64,2,23
wf_2024,validation,default_1_5x_stop_3x_tp_10d,baseline,random_forest,isotonic,no_quality_rank_filter,,default_1pct,top_3_by_validation_strategy,"AAPL,AMD,AMZN,GOOGL,META,MSFT,NVDA,QQQ,SPY,TSLA",10,2022-12-31,2023-01-01,2023-12-31,2024-01-01,2024-12-31,0.35,False,0.0,1.014156881606099,-1.014156881606099,0.0,,,,False,0,0,0,0,,0,0,0
wf_2024,validation,default_1_5x_stop_3x_tp_10d,baseline,random_forest,isotonic,no_quality_rank_filter,,default_1pct,top_3_by_validation_strategy,"AAPL,AMD,AMZN,GOOGL,META,MSFT,NVDA,QQQ,SPY,TSLA",10,2022-12-31,2023-01-01,2023-12-31,2024-01-01,2024-12-31,0.4,False,0.0,1.014156881606099,-1.014156881606099,0.0,,,,False,0,0,0,0,,0,0,0
wf_2024,validation,default_1_5x_stop_3x_tp_10d,baseline,random_forest,isotonic,no_quality_rank_filter,,default_1pct,top_3_by_validation_strategy,"AAPL,AMD,AMZN,GOOGL,META,MSFT,NVDA,QQQ,SPY,TSLA",10,2022-12-31,2023-01-01,2023-12-31,2024-01-01,2024-12-31,0.45,False,0.0,1.014156881606099,-1.014156881606099,0.0,,,,False,0,0,0,0,,0,0,0
wf_2024,validation,default_1_5x_stop_3x_tp_10d,baseline,random_forest,isotonic,no_quality_rank_filter,,default_1pct,top_5_by_validation_excess,"AAPL,GOOGL,MSFT,QQQ,SPY",5,2022-12-31,2023-01-01,2023-12-31,2024-01-01,2024-12-31,0.15,False,0.07681575444694812,0.49458287949464586,-0.4177671250476977,-0.03553468457361453,1.2922516397444401,2.2251330362570623,0.6099624060150376,False,682,0,682,666,0.009999999999999998,431,5,105
wf_2024,validation,default_1_5x_stop_3x_tp_10d,baseline,random_forest,isotonic,no_quality_rank_filter,,default_1pct,top_5_by_validation_excess,"AAPL,GOOGL,MSFT,QQQ,SPY",5,2022-12-31,2023-01-01,2023-12-31,2024-01-01,2024-12-31,0.2,False,0.07681575444694812,0.49458287949464586,-0.4177671250476977,-0.03553468457361453,1.2922516397444401,2.2251330362570623,0.6099624060150376,False,682,0,682,666,0.009999999999999998,431,5,105
wf_2024,validation,default_1_5x_stop_3x_tp_10d,baseline,random_forest,isotonic,no_quality_rank_filter,,default_1pct,top_5_by_validation_excess,"AAPL,GOOGL,MSFT,QQQ,SPY",5,2022-12-31,2023-01-01,2023-12-31,2024-01-01,2024-12-31,0.25,False,0.07812951504621303,0.49458287949464586,-0.41645336444843284,-0.03246886708631151,1.32625852926488,2.245517304214106,0.6147243107769423,False,652,0,652,636,0.01,410,5,104
wf_2024,validation,default_1_5x_stop_3x_tp_10d,baseline,random_forest,isotonic,no_quality_rank_filter,,default_1pct,top_5_by_validation_excess,"AAPL,NVDA",2,2022-12-31,2023-01-01,2023-12-31,2024-01-01,2024-12-31,0.3,False,0.0500873854126846,1.4994130651568445,-1.4493256797441598,-0.027212293294538725,1.1363419887212023,2.789902021843692,0.5791666666666666,False,97,0,97,95,0.009999999999999998,64,2,23
wf_2024,validation,default_1_5x_stop_3x_tp_10d,baseline,random_forest,isotonic,no_quality_rank_filter,,default_1pct,top_5_by_validation_excess,"AAPL,AMD,AMZN,GOOGL,META,MSFT,NVDA,QQQ,SPY,TSLA",10,2022-12-31,2023-01-01,2023-12-31,2024-01-01,2024-12-31,0.35,False,0.0,1.014156881606099,-1.014156881606099,0.0,,,,False,0,0,0,0,,0,0,0
wf_2024,validation,default_1_5x_stop_3x_tp_10d,baseline,random_forest,isotonic,no_quality_rank_filter,,default_1pct,top_5_by_validation_excess,"AAPL,AMD,AMZN,GOOGL,META,MSFT,NVDA,QQQ,SPY,TSLA",10,2022-12-31,2023-01-01,2023-12-31,2024-01-01,2024-12-31,0.4,False,0.0,1.014156881606099,-1.014156881606099,0.0,,,,False,0,0,0,0,,0,0,0
wf_2024,validation,default_1_5x_stop_3x_tp_10d,baseline,random_forest,isotonic,no_quality_rank_filter,,default_1pct,top_5_by_validation_excess,"AAPL,AMD,AMZN,GOOGL,META,MSFT,NVDA,QQQ,SPY,TSLA",10,2022-12-31,2023-01-01,2023-12-31,2024-01-01,2024-12-31,0.45,False,0.0,1.014156881606099,-1.014156881606099,0.0,,,,False,0,0,0,0,,0,0,0
wf_2024,validation,default_1_5x_stop_3x_tp_10d,baseline,random_forest,isotonic,no_quality_rank_filter,,default_1pct,top_5_by_validation_sharpe,"AAPL,AMD,META,QQQ,SPY",5,2022-12-31,2023-01-01,2023-12-31,2024-01-01,2024-12-31,0.15,False,0.1072252389717255,0.8952082322501191,-0.7879829932783936,-0.03583454874722645,1.738439765625674,2.8450976556820917,0.6532706766917293,False,651,0,651,634,0.01,425,5,98
wf_2024,validation,default_1_5x_stop_3x_tp_10d,baseline,random_forest,isotonic,no_quality_rank_filter,,default_1pct,top_5_by_validation_sharpe,"AAPL,AMD,META,QQQ,SPY",5,2022-12-31,2023-01-01,2023-12-31,2024-01-01,2024-12-31,0.2,False,0.1072252389717255,0.8952082322501191,-0.7879829932783936,-0.03583454874722645,1.738439765625674,2.8450976556820917,0.6532706766917293,False,651,0,651,634,0.01,425,5,98
wf_2024,validation,default_1_5x_stop_3x_tp_10d,baseline,random_forest,isotonic,no_quality_rank_filter,,default_1pct,top_5_by_validation_sharpe,"AAPL,AMD,META,QQQ,TSLA",5,2022-12-31,2023-01-01,2023-12-31,2024-01-01,2024-12-31,0.25,False,0.10420415129016766,1.1053062215919052,-1.0011020703017375,-0.03104646707172991,1.801333473803296,3.469451249726725,0.653190462787986,False,489,0,489,474,0.010000000000000002,330,5,82
wf_2024,validation,default_1_5x_stop_3x_tp_10d,baseline,random_forest,isotonic,no_quality_rank_filter,,default_1pct,top_5_by_validation_sharpe,"AAPL,NVDA",2,2022-12-31,2023-01-01,2023-12-31,2024-01-01,2024-12-31,0.3,False,0.0500873854126846,1.4994130651568445,-1.4493256797441598,-0.027212293294538725,1.1363419887212023,2.789902021843692,0.5791666666666666,False,97,0,97,95,0.009999999999999998,64,2,23
wf_2024,validation,default_1_5x_stop_3x_tp_10d,baseline,random_forest,isotonic,no_quality_rank_filter,,default_1pct,top_5_by_validation_sharpe,"AAPL,AMD,AMZN,GOOGL,META,MSFT,NVDA,QQQ,SPY,TSLA",10,2022-12-31,2023-01-01,2023-12-31,2024-01-01,2024-12-31,0.35,False,0.0,1.014156881606099,-1.014156881606099,0.0,,,,False,0,0,0,0,,0,0,0
wf_2024,validation,default_1_5x_stop_3x_tp_10d,baseline,random_forest,isotonic,no_quality_rank_filter,,default_1pct,top_5_by_validation_sharpe,"AAPL,AMD,AMZN,GOOGL,META,MSFT,NVDA,QQQ,SPY,TSLA",10,2022-12-31,2023-01-01,2023-12-31,2024-01-01,2024-12-31,0.4,False,0.0,1.014156881606099,-1.014156881606099,0.0,,,,False,0,0,0,0,,0,0,0
wf_2024,validation,default_1_5x_stop_3x_tp_10d,baseline,random_forest,isotonic,no_quality_rank_filter,,default_1pct,top_5_by_validation_sharpe,"AAPL,AMD,AMZN,GOOGL,META,MSFT,NVDA,QQQ,SPY,TSLA",10,2022-12-31,2023-01-01,2023-12-31,2024-01-01,2024-12-31,0.45,False,0.0,1.014156881606099,-1.014156881606099,0.0,,,,False,0,0,0,0,,0,0,0
wf_2024,validation,default_1_5x_stop_3x_tp_10d,baseline,random_forest,isotonic,no_quality_rank_filter,,default_1pct,positive_validation_strategy,"AAPL,AMD,AMZN,GOOGL,META,MSFT,NVDA,QQQ,SPY,TSLA",10,2022-12-31,2023-01-01,2023-12-31,2024-01-01,2024-12-31,0.15,False,0.0772309447237062,1.014156881606099,-0.9369259368823931,-0.032310400404643155,1.2985447394205634,2.331649364354944,0.6124720454983613,False,1145,0,1145,1108,0.01,748,10,190
wf_2024,validation,default_1_5x_stop_3x_tp_10d,baseline,random_forest,isotonic,no_quality_rank_filter,,default_1pct,positive_validation_strategy,"AAPL,AMD,AMZN,GOOGL,META,MSFT,NVDA,QQQ,SPY,TSLA",10,2022-12-31,2023-01-01,2023-12-31,2024-01-01,2024-12-31,0.2,False,0.0772309447237062,1.014156881606099,-0.9369259368823931,-0.032310400404643155,1.2985447394205634,2.331649364354944,0.6124720454983613,False,1145,0,1145,1108,0.01,748,10,190
wf_2024,validation,default_1_5x_stop_3x_tp_10d,baseline,random_forest,isotonic,no_quality_rank_filter,,default_1pct,positive_validation_strategy,"AAPL,AMD,AMZN,GOOGL,META,MSFT,NVDA,QQQ,SPY,TSLA",10,2022-12-31,2023-01-01,2023-12-31,2024-01-01,2024-12-31,0.25,False,0.07930450732098424,1.014156881606099,-0.9348523742851149,-0.0303554643361705,1.3631230221137085,2.625419386899133,0.6186691662310857,False,1077,0,1077,1042,0.01,699,10,183
wf_2024,validation,default_1_5x_stop_3x_tp_10d,baseline,random_forest,isotonic,no_quality_rank_filter,,default_1pct,positive_validation_strategy,"AAPL,NVDA",2,2022-12-31,2023-01-01,2023-12-31,2024-01-01,2024-12-31,0.3,False,0.0500873854126846,1.4994130651568445,-1.4493256797441598,-0.027212293294538725,1.1363419887212023,2.789902021843692,0.5791666666666666,False,97,0,97,95,0.009999999999999998,64,2,23
wf_2024,validation,default_1_5x_stop_3x_tp_10d,baseline,random_forest,isotonic,no_quality_rank_filter,,default_1pct,positive_validation_strategy,"AAPL,AMD,AMZN,GOOGL,META,MSFT,NVDA,QQQ,SPY,TSLA",10,2022-12-31,2023-01-01,2023-12-31,2024-01-01,2024-12-31,0.35,False,0.0,1.014156881606099,-1.014156881606099,0.0,,,,False,0,0,0,0,,0,0,0
wf_2024,validation,default_1_5x_stop_3x_tp_10d,baseline,random_forest,isotonic,no_quality_rank_filter,,default_1pct,positive_validation_strategy,"AAPL,AMD,AMZN,GOOGL,META,MSFT,NVDA,QQQ,SPY,TSLA",10,2022-12-31,2023-01-01,2023-12-31,2024-01-01,2024-12-31,0.4,False,0.0,1.014156881606099,-1.014156881606099,0.0,,,,False,0,0,0,0,,0,0,0
wf_2024,validation,default_1_5x_stop_3x_tp_10d,baseline,random_forest,isotonic,no_quality_rank_filter,,default_1pct,positive_validation_strategy,"AAPL,AMD,AMZN,GOOGL,META,MSFT,NVDA,QQQ,SPY,TSLA",10,2022-12-31,2023-01-01,2023-12-31,2024-01-01,2024-12-31,0.45,False,0.0,1.014156881606099,-1.014156881606099,0.0,,,,False,0,0,0,0,,0,0,0
wf_2024,validation,default_1_5x_stop_3x_tp_10d,baseline,random_forest,isotonic,no_quality_rank_filter,,default_1pct,large_cap_stocks_only,"AAPL,AMD,AMZN,GOOGL,META,MSFT,NVDA,TSLA",8,2022-12-31,2023-01-01,2023-12-31,2024-01-01,2024-12-31,0.15,False,0.07068149902460677,1.168131203196476,-1.0974497041718694,-0.03002499723973283,1.2101988842222942,2.2596764957316617,0.5981793425872373,False,819,0,819,787,0.009999999999999997,547,8,145
wf_2024,validation,default_1_5x_stop_3x_tp_10d,baseline,random_forest,isotonic,no_quality_rank_filter,,default_1pct,large_cap_stocks_only,"AAPL,AMD,AMZN,GOOGL,META,MSFT,NVDA,TSLA",8,2022-12-31,2023-01-01,2023-12-31,2024-01-01,2024-12-31,0.2,False,0.07068149902460677,1.168131203196476,-1.0974497041718694,-0.03002499723973283,1.2101988842222942,2.2596764957316617,0.5981793425872373,False,819,0,819,787,0.009999999999999997,547,8,145
wf_2024,validation,default_1_5x_stop_3x_tp_10d,baseline,random_forest,isotonic,no_quality_rank_filter,,default_1pct,large_cap_stocks_only,"AAPL,AMD,AMZN,GOOGL,META,MSFT,NVDA,TSLA",8,2022-12-31,2023-01-01,2023-12-31,2024-01-01,2024-12-31,0.25,False,0.07273253256802593,1.168131203196476,-1.0953986706284502,-0.028853520495864912,1.2751570389725184,2.615535379798294,0.6059257435031429,False,764,0,764,734,0.009999999999999998,511,8,138
wf_2024,validation,default_1_5x_stop_3x_tp_10d,baseline,random_forest,isotonic,no_quality_rank_filter,,default_1pct,large_cap_stocks_only,"AAPL,AMD,AMZN,GOOGL,META,MSFT,NVDA,TSLA",8,2022-12-31,2023-01-01,2023-12-31,2024-01-01,2024-12-31,0.3,False,0.027883429055744494,1.168131203196476,-1.1402477741407315,-0.017356552248070464,0.8760749450260644,3.870990179379896,0.6178571428571428,False,130,0,130,123,0.01,93,7,35
wf_2024,validation,default_1_5x_stop_3x_tp_10d,baseline,random_forest,isotonic,no_quality_rank_filter,,default_1pct,large_cap_stocks_only,"AAPL,AMD,AMZN,GOOGL,META,MSFT,NVDA,TSLA",8,2022-12-31,2023-01-01,2023-12-31,2024-01-01,2024-12-31,0.35,False,0.0,1.168131203196476,-1.168131203196476,0.0,,,,False,0,0,0,0,,0,0,0
wf_2024,validation,default_1_5x_stop_3x_tp_10d,baseline,random_forest,isotonic,no_quality_rank_filter,,default_1pct,large_cap_stocks_only,"AAPL,AMD,AMZN,GOOGL,META,MSFT,NVDA,TSLA",8,2022-12-31,2023-01-01,2023-12-31,2024-01-01,2024-12-31,0.4,False,0.0,1.168131203196476,-1.168131203196476,0.0,,,,False,0,0,0,0,,0,0,0
wf_2024,validation,default_1_5x_stop_3x_tp_10d,baseline,random_forest,isotonic,no_quality_rank_filter,,default_1pct,large_cap_stocks_only,"AAPL,AMD,AMZN,GOOGL,META,MSFT,NVDA,TSLA",8,2022-12-31,2023-01-01,2023-12-31,2024-01-01,2024-12-31,0.45,False,0.0,1.168131203196476,-1.168131203196476,0.0,,,,False,0,0,0,0,,0,0,0
wf_2024,validation,default_1_5x_stop_3x_tp_10d,baseline,random_forest,isotonic,no_quality_rank_filter,,default_1pct,index_etfs_only,"QQQ,SPY",2,2022-12-31,2023-01-01,2023-12-31,2024-01-01,2024-12-31,0.15,False,0.10342872752010386,0.3982595952445914,-0.2948308677244876,-0.041452013064284476,1.65192816021364,2.6195408388480748,0.6696428571428572,False,326,0,326,321,0.01,201,2,45
wf_2024,validation,default_1_5x_stop_3x_tp_10d,baseline,random_forest,isotonic,no_quality_rank_filter,,default_1pct,index_etfs_only,"QQQ,SPY",2,2022-12-31,2023-01-01,2023-12-31,2024-01-01,2024-12-31,0.2,False,0.10342872752010386,0.3982595952445914,-0.2948308677244876,-0.041452013064284476,1.65192816021364,2.6195408388480748,0.6696428571428572,False,326,0,326,321,0.01,201,2,45
wf_2024,validation,default_1_5x_stop_3x_tp_10d,baseline,random_forest,isotonic,no_quality_rank_filter,,default_1pct,index_etfs_only,"QQQ,SPY",2,2022-12-31,2023-01-01,2023-12-31,2024-01-01,2024-12-31,0.25,True,0.10559240633281741,0.3982595952445914,-0.292667188911774,-0.03636323969739286,1.7149869546784688,2.66495541530249,0.6696428571428572,False,313,0,313,308,0.01,188,2,45
wf_2024,validation,default_1_5x_stop_3x_tp_10d,baseline,random_forest,isotonic,no_quality_rank_filter,,default_1pct,index_etfs_only,"QQQ,SPY",2,2022-12-31,2023-01-01,2023-12-31,2024-01-01,2024-12-31,0.3,False,0.025882050795195462,0.3982595952445914,-0.37237754444939597,-0.009463694712887272,1.0876934979981814,3.961077598230271,0.875,False,10,0,10,10,0.009999999999999998,1,2,5
wf_2024,validation,default_1_5x_stop_3x_tp_10d,baseline,random_forest,isotonic,no_quality_rank_filter,,default_1pct,index_etfs_only,"QQQ,SPY",2,2022-12-31,2023-01-01,2023-12-31,2024-01-01,2024-12-31,0.35,False,0.0,0.3982595952445914,-0.3982595952445914,0.0,,,,False,0,0,0,0,,0,0,0
wf_2024,validation,default_1_5x_stop_3x_tp_10d,baseline,random_forest,isotonic,no_quality_rank_filter,,default_1pct,index_etfs_only,"QQQ,SPY",2,2022-12-31,2023-01-01,2023-12-31,2024-01-01,2024-12-31,0.4,False,0.0,0.3982595952445914,-0.3982595952445914,0.0,,,,False,0,0,0,0,,0,0,0
wf_2024,validation,default_1_5x_stop_3x_tp_10d,baseline,random_forest,isotonic,no_quality_rank_filter,,default_1pct,index_etfs_only,"QQQ,SPY",2,2022-12-31,2023-01-01,2023-12-31,2024-01-01,2024-12-31,0.45,False,0.0,0.3982595952445914,-0.3982595952445914,0.0,,,,False,0,0,0,0,,0,0,0
wf_2024,test,default_1_5x_stop_3x_tp_10d,baseline,random_forest,isotonic,no_quality_rank_filter,,default_1pct,index_etfs_only,"QQQ,SPY",2,2022-12-31,2023-01-01,2023-12-31,2024-01-01,2024-12-31,0.25,True,0.05476911470947256,0.25492005018532704,-0.20015093547585447,-0.04995723009501718,0.8193502643524795,1.4099405205285556,0.5300925925925926,False,377,0,377,360,0.009999999999999998,243,2,51
